P_atm,T_K,Bc_ss,Bg_ss,hw_ss_MJkg,Bc_Bg0,recession_over_mdote_m3_per_kg
0.01,300,7.907851e-02,1.095237e-02,-2.701992e+00,8.742740e-02,6.144407e-05
0.01,325,7.909372e-02,1.095448e-02,-2.676984e+00,8.742740e-02,6.145588e-05
0.01,350,7.911499e-02,1.095743e-02,-2.651754e+00,8.742740e-02,6.147241e-05
0.01,375,7.914494e-02,1.096157e-02,-2.626279e+00,8.742740e-02,6.149568e-05
0.01,400,7.918836e-02,1.096759e-02,-2.600512e+00,8.742760e-02,6.152942e-05
0.01,425,7.925317e-02,1.097656e-02,-2.574353e+00,8.742840e-02,6.157977e-05
0.01,450,7.935144e-02,1.099017e-02,-2.547656e+00,8.743120e-02,6.165613e-05
0.01,475,7.950031e-02,1.101079e-02,-2.520195e+00,8.744030e-02,6.177180e-05
0.01,500,7.972192e-02,1.104149e-02,-2.491651e+00,8.746620e-02,6.194400e-05
0.01,525,8.004516e-02,1.108626e-02,-2.461570e+00,8.753210e-02,6.219515e-05
0.01,550,8.051156e-02,1.115085e-02,-2.429233e+00,8.768580e-02,6.255755e-05
0.01,575,8.118968e-02,1.124477e-02,-2.393438e+00,8.801610e-02,6.308445e-05
0.01,600,8.220227e-02,1.138501e-02,-2.352073e+00,8.867750e-02,6.387123e-05
0.01,625,8.376244e-02,1.160110e-02,-2.301604e+00,8.991850e-02,6.508348e-05
0.01,650,8.620946e-02,1.194001e-02,-2.236555e+00,9.210920e-02,6.698482e-05
0.01,675,9.002339e-02,1.246824e-02,-2.149440e+00,9.575030e-02,6.994824e-05
0.01,700,9.578501e-02,1.326622e-02,-2.031616e+00,1.014280e-01,7.442503e-05
0.01,725,1.040240e-01,1.440733e-02,-1.876001e+00,1.096580e-01,8.082674e-05
0.01,750,1.148845e-01,1.591150e-02,-1.682315e+00,1.205450e-01,8.926533e-05
0.01,775,1.276558e-01,1.768033e-02,-1.463629e+00,1.333250e-01,9.918866e-05
0.01,800,1.405511e-01,1.946633e-02,-1.247608e+00,1.461720e-01,1.092083e-04
0.01,825,1.514159e-01,2.097111e-02,-1.064453e+00,1.569380e-01,1.176503e-04
0.01,850,1.590727e-01,2.203156e-02,-9.285433e-01,1.644860e-01,1.235996e-04
0.01,875,1.637713e-01,2.268232e-02,-8.344469e-01,1.690950e-01,1.272504e-04
0.01,900,1.664285e-01,2.305035e-02,-7.685545e-01,1.716880e-01,1.293151e-04
0.01,925,1.678800e-01,2.325139e-02,-7.190488e-01,1.730970e-01,1.304429e-04
0.01,950,1.686707e-01,2.336089e-02,-6.784158e-01,1.738600e-01,1.310573e-04
0.01,975,1.691066e-01,2.342126e-02,-6.424604e-01,1.742790e-01,1.313959e-04
0.01,1000,1.693518e-01,2.345523e-02,-6.089517e-01,1.745130e-01,1.315865e-04
0.01,1025,1.694931e-01,2.347480e-02,-5.767173e-01,1.746470e-01,1.316963e-04
0.01,1050,1.695766e-01,2.348636e-02,-5.451385e-01,1.747250e-01,1.317612e-04
0.01,1075,1.696270e-01,2.349333e-02,-5.138795e-01,1.747720e-01,1.318003e-04
0.01,1100,1.696584e-01,2.349768e-02,-4.827588e-01,1.748010e-01,1.318247e-04
0.01,1125,1.696791e-01,2.350055e-02,-4.516745e-01,1.748190e-01,1.318408e-04
0.01,1150,1.696920e-01,2.350235e-02,-4.205675e-01,1.748310e-01,1.318508e-04
0.01,1175,1.697019e-01,2.350371e-02,-3.894071e-01,1.748380e-01,1.318585e-04
0.01,1200,1.697089e-01,2.350468e-02,-3.581736e-01,1.748430e-01,1.318639e-04
0.01,1225,1.697149e-01,2.350551e-02,-3.268553e-01,1.748470e-01,1.318686e-04
0.01,1250,1.697201e-01,2.350623e-02,-2.954472e-01,1.748490e-01,1.318726e-04
0.01,1275,1.697251e-01,2.350692e-02,-2.639455e-01,1.748510e-01,1.318765e-04
0.01,1300,1.697303e-01,2.350764e-02,-2.323482e-01,1.748520e-01,1.318806e-04
0.01,1325,1.697364e-01,2.350850e-02,-2.006538e-01,1.748520e-01,1.318854e-04
0.01,1350,1.697428e-01,2.350938e-02,-1.688609e-01,1.748530e-01,1.318903e-04
0.01,1375,1.697501e-01,2.351039e-02,-1.369683e-01,1.748530e-01,1.318959e-04
0.01,1400,1.697592e-01,2.351164e-02,-1.049755e-01,1.748540e-01,1.319030e-04
0.01,1425,1.697696e-01,2.351308e-02,-7.288019e-02,1.748540e-01,1.319111e-04
0.01,1450,1.697811e-01,2.351468e-02,-4.067938e-02,1.748540e-01,1.319200e-04
0.01,1475,1.697947e-01,2.351657e-02,-8.369811e-03,1.748540e-01,1.319306e-04
0.01,1500,1.698103e-01,2.351873e-02,2.405281e-02,1.748540e-01,1.319427e-04
0.01,1525,1.698282e-01,2.352120e-02,5.659387e-02,1.748540e-01,1.319566e-04
0.01,1550,1.698490e-01,2.352408e-02,8.926001e-02,1.748550e-01,1.319728e-04
0.01,1575,1.698728e-01,2.352739e-02,1.220594e-01,1.748550e-01,1.319913e-04
0.01,1600,1.699000e-01,2.353115e-02,1.550015e-01,1.748550e-01,1.320124e-04
0.01,1625,1.699302e-01,2.353533e-02,1.880984e-01,1.748550e-01,1.320359e-04
0.01,1650,1.699637e-01,2.353997e-02,2.213623e-01,1.748550e-01,1.320619e-04
0.01,1675,1.700022e-01,2.354531e-02,2.548094e-01,1.748550e-01,1.320918e-04
0.01,1700,1.700451e-01,2.355125e-02,2.884574e-01,1.748550e-01,1.321252e-04
0.01,1725,1.700921e-01,2.355776e-02,3.223262e-01,1.748550e-01,1.321617e-04
0.01,1750,1.701445e-01,2.356502e-02,3.564396e-01,1.748550e-01,1.322024e-04
0.01,1775,1.702031e-01,2.357313e-02,3.908241e-01,1.748550e-01,1.322479e-04
0.01,1800,1.702669e-01,2.358197e-02,4.255065e-01,1.748550e-01,1.322975e-04
0.01,1825,1.703363e-01,2.359158e-02,4.605213e-01,1.748550e-01,1.323514e-04
0.01,1850,1.704129e-01,2.360219e-02,4.959033e-01,1.748550e-01,1.324110e-04
0.01,1875,1.704968e-01,2.361381e-02,5.316910e-01,1.748550e-01,1.324762e-04
0.01,1900,1.705864e-01,2.362622e-02,5.679274e-01,1.748550e-01,1.325458e-04
0.01,1925,1.706843e-01,2.363978e-02,6.046577e-01,1.748560e-01,1.326219e-04
0.01,1950,1.707898e-01,2.365439e-02,6.419307e-01,1.748560e-01,1.327038e-04
0.01,1975,1.709035e-01,2.367014e-02,6.797991e-01,1.748570e-01,1.327922e-04
0.01,2000,1.710244e-01,2.368688e-02,7.183169e-01,1.748570e-01,1.328861e-04
0.01,2025,1.711538e-01,2.370480e-02,7.575406e-01,1.748580e-01,1.329866e-04
0.01,2050,1.712917e-01,2.372390e-02,7.975283e-01,1.748600e-01,1.330938e-04
0.01,2075,1.714375e-01,2.374410e-02,8.383385e-01,1.748610e-01,1.332071e-04
0.01,2100,1.715912e-01,2.376538e-02,8.800307e-01,1.748640e-01,1.333265e-04
0.01,2125,1.717528e-01,2.378776e-02,9.226607e-01,1.748670e-01,1.334521e-04
0.01,2150,1.719215e-01,2.381113e-02,9.662850e-01,1.748710e-01,1.335832e-04
0.01,2175,1.720982e-01,2.383561e-02,1.010951e+00,1.748760e-01,1.337205e-04
0.01,2200,1.722820e-01,2.386105e-02,1.056704e+00,1.748820e-01,1.338632e-04
0.01,2225,1.724718e-01,2.388734e-02,1.103583e+00,1.748910e-01,1.340107e-04
0.01,2250,1.726671e-01,2.391440e-02,1.151618e+00,1.749010e-01,1.341625e-04
0.01,2275,1.728682e-01,2.394225e-02,1.200826e+00,1.749150e-01,1.343187e-04
0.01,2300,1.730739e-01,2.397073e-02,1.251206e+00,1.749330e-01,1.344785e-04
0.01,2325,1.732828e-01,2.399967e-02,1.302756e+00,1.749550e-01,1.346409e-04
0.01,2350,1.734959e-01,2.402918e-02,1.355458e+00,1.749830e-01,1.348064e-04
0.01,2375,1.737120e-01,2.405912e-02,1.409282e+00,1.750190e-01,1.349744e-04
0.01,2400,1.739323e-01,2.408963e-02,1.464176e+00,1.750640e-01,1.351456e-04
0.01,2425,1.741564e-01,2.412066e-02,1.520107e+00,1.751210e-01,1.353196e-04
0.01,2450,1.743864e-01,2.415251e-02,1.577031e+00,1.751930e-01,1.354984e-04
0.01,2475,1.746239e-01,2.418542e-02,1.634897e+00,1.752830e-01,1.356829e-04
0.01,2500,1.748738e-01,2.422002e-02,1.693693e+00,1.753970e-01,1.358771e-04
0.01,2525,1.751407e-01,2.425699e-02,1.753439e+00,1.755420e-01,1.360845e-04
0.01,2550,1.754323e-01,2.429737e-02,1.814195e+00,1.757240e-01,1.363110e-04
0.01,2575,1.757588e-01,2.434260e-02,1.876120e+00,1.759560e-01,1.365647e-04
0.01,2600,1.761362e-01,2.439487e-02,1.939452e+00,1.762500e-01,1.368580e-04
0.01,2625,1.765813e-01,2.445652e-02,2.004586e+00,1.766250e-01,1.372038e-04
0.01,2650,1.771212e-01,2.453129e-02,2.072067e+00,1.771020e-01,1.376233e-04
0.01,2675,1.777860e-01,2.462337e-02,2.142670e+00,1.777120e-01,1.381399e-04
0.01,2700,1.786194e-01,2.473878e-02,2.217452e+00,1.784920e-01,1.387874e-04
0.01,2725,1.796756e-01,2.488507e-02,2.297809e+00,1.794920e-01,1.396081e-04
0.01,2750,1.810247e-01,2.507192e-02,2.385555e+00,1.807730e-01,1.406563e-04
0.01,2775,1.827568e-01,2.531182e-02,2.483035e+00,1.824180e-01,1.420022e-04
0.01,2800,1.849879e-01,2.562082e-02,2.593256e+00,1.845300e-01,1.437357e-04
0.01,2825,1.878688e-01,2.601982e-02,2.720052e+00,1.872440e-01,1.459742e-04
0.01,2850,1.915934e-01,2.653569e-02,2.868263e+00,1.907320e-01,1.488682e-04
0.01,2875,1.964146e-01,2.720342e-02,3.044026e+00,1.952160e-01,1.526143e-04
0.01,2900,2.026632e-01,2.806886e-02,3.255058e+00,2.009830e-01,1.574695e-04
0.01,2925,2.107723e-01,2.919197e-02,3.511089e+00,2.084040e-01,1.637703e-04
0.01,2950,2.213214e-01,3.065302e-02,3.824349e+00,2.179610e-01,1.719669e-04
0.01,2975,2.350901e-01,3.255997e-02,4.210256e+00,2.302840e-01,1.826652e-04
0.01,3000,2.531481e-01,3.506101e-02,4.688242e+00,2.462070e-01,1.966963e-04
0.01,3025,2.769971e-01,3.836409e-02,5.282880e+00,2.668450e-01,2.152269e-04
0.01,3050,3.087530e-01,4.276230e-02,6.018962e+00,2.937140e-01,2.399013e-04
0.01,3075,3.516510e-01,4.870366e-02,6.935614e+00,3.289150e-01,2.732331e-04
0.01,3100,4.107854e-01,5.689377e-02,8.087091e+00,3.754420e-01,3.191805e-04
0.01,3125,4.945646e-01,6.849719e-02,9.540613e+00,4.376960e-01,3.842771e-04
0.01,3150,6.177251e-01,8.555492e-02,1.134922e+01,5.224210e-01,4.799728e-04
0.01,3175,8.099773e-01,1.121819e-01,1.362698e+01,6.405000e-01,6.293530e-04
0.01,3200,1.139532e+00,1.578251e-01,1.651486e+01,8.107130e-01,8.854170e-04
0.01,3225,1.805447e+00,2.500544e-01,2.016216e+01,1.068510e+00,1.402834e-03
0.01,3250,3.736393e+00,5.174904e-01,2.473356e+01,1.489770e+00,2.903180e-03
0.01,3275,3.854019e+01,5.337817e+00,3.029687e+01,2.271130e+00,2.994576e-02
0.01,3300,1.317100e+02,1.000000e+01,3.026200e+01,4.124530e+00,1.023388e-01
0.01,3325,4.101140e+02,1.000000e+01,2.984540e+01,1.297250e+01,3.186589e-01
0.01,3350,1.000000e+03,1.000000e+01,2.988550e+01,2.000000e+02,7.770008e-01
0.01,3375,1.000000e+03,1.000000e+01,3.017520e+01,2.000000e+02,7.770008e-01
0.01,3400,1.000000e+03,1.000000e+01,3.048730e+01,2.000000e+02,7.770008e-01
0.01,3425,1.000000e+03,1.000000e+01,3.082410e+01,2.000000e+02,7.770008e-01
0.01,3450,1.000000e+03,1.000000e+01,3.118800e+01,2.000000e+02,7.770008e-01
0.01,3475,1.000000e+03,1.000000e+01,3.158150e+01,2.000000e+02,7.770008e-01
0.01,3500,1.000000e+03,1.000000e+01,3.200730e+01,2.000000e+02,7.770008e-01
0.01,3525,1.000000e+03,1.000000e+01,3.246820e+01,2.000000e+02,7.770008e-01
0.01,3550,1.000000e+03,1.000000e+01,3.296730e+01,2.000000e+02,7.770008e-01
0.01,3575,1.000000e+03,1.000000e+01,3.350760e+01,2.000000e+02,7.770008e-01
0.01,3600,1.000000e+03,1.000000e+01,3.409250e+01,2.000000e+02,7.770008e-01
0.01,3625,1.000000e+03,1.000000e+01,3.472500e+01,2.000000e+02,7.770008e-01
0.01,3650,1.000000e+03,1.000000e+01,3.540860e+01,2.000000e+02,7.770008e-01
0.01,3675,1.000000e+03,1.000000e+01,3.614620e+01,2.000000e+02,7.770008e-01
0.01,3700,1.000000e+03,1.000000e+01,3.694080e+01,2.000000e+02,7.770008e-01
0.01,3725,1.000000e+03,1.000000e+01,3.779480e+01,2.000000e+02,7.770008e-01
0.01,3750,1.000000e+03,1.000000e+01,3.870990e+01,2.000000e+02,7.770008e-01
0.01,3775,1.000000e+03,1.000000e+01,3.968730e+01,2.000000e+02,7.770008e-01
0.01,3800,1.000000e+03,1.000000e+01,4.072660e+01,2.000000e+02,7.770008e-01
0.01,3825,1.000000e+03,1.000000e+01,4.182630e+01,2.000000e+02,7.770008e-01
0.01,3850,1.000000e+03,1.000000e+01,4.298290e+01,2.000000e+02,7.770008e-01
0.01,3875,1.000000e+03,1.000000e+01,4.419130e+01,2.000000e+02,7.770008e-01
0.01,3900,1.000000e+03,1.000000e+01,4.544390e+01,2.000000e+02,7.770008e-01
0.01,3925,1.000000e+03,1.000000e+01,4.673110e+01,2.000000e+02,7.770008e-01
0.01,3950,1.000000e+03,1.000000e+01,4.804110e+01,2.000000e+02,7.770008e-01
0.01,3975,1.000000e+03,1.000000e+01,4.936050e+01,2.000000e+02,7.770008e-01
0.01,4000,1.000000e+03,1.000000e+01,5.067470e+01,2.000000e+02,7.770008e-01
1,300,7.907822e-02,1.095233e-02,-2.701992e+00,8.742740e-02,6.144384e-05
1,325,7.909258e-02,1.095432e-02,-2.676994e+00,8.742740e-02,6.145500e-05
1,350,7.911122e-02,1.095690e-02,-2.651789e+00,8.742740e-02,6.146948e-05
1,375,7.913433e-02,1.096010e-02,-2.626385e+00,8.742740e-02,6.148743e-05
1,400,7.916202e-02,1.096394e-02,-2.600775e+00,8.742740e-02,6.150895e-05
1,425,7.919483e-02,1.096848e-02,-2.574955e+00,8.742750e-02,6.153444e-05
1,450,7.923352e-02,1.097384e-02,-2.548902e+00,8.742780e-02,6.156451e-05
1,475,7.927976e-02,1.098025e-02,-2.522588e+00,8.742870e-02,6.160044e-05
1,500,7.933633e-02,1.098808e-02,-2.495969e+00,8.743130e-02,6.164439e-05
1,525,7.940758e-02,1.099795e-02,-2.468980e+00,8.743790e-02,6.169975e-05
1,550,7.950061e-02,1.101084e-02,-2.441507e+00,8.745330e-02,6.177204e-05
1,575,7.962640e-02,1.102826e-02,-2.413357e+00,8.748640e-02,6.186977e-05
1,600,7.980193e-02,1.105257e-02,-2.384269e+00,8.755310e-02,6.200616e-05
1,625,8.005306e-02,1.108735e-02,-2.353798e+00,8.767910e-02,6.220129e-05
1,650,8.041816e-02,1.113792e-02,-2.321328e+00,8.790490e-02,6.248497e-05
1,675,8.095269e-02,1.121195e-02,-2.285942e+00,8.829040e-02,6.290030e-05
1,700,8.173434e-02,1.132021e-02,-2.246383e+00,8.891990e-02,6.350765e-05
1,725,8.286817e-02,1.147724e-02,-2.200943e+00,8.990710e-02,6.438863e-05
1,750,8.448990e-02,1.170185e-02,-2.147466e+00,9.139750e-02,6.564872e-05
1,775,8.676539e-02,1.201701e-02,-2.083355e+00,9.356630e-02,6.741678e-05
1,800,8.988367e-02,1.244889e-02,-2.005745e+00,9.660980e-02,6.983968e-05
1,825,9.403730e-02,1.302417e-02,-1.911851e+00,1.007230e-01,7.306706e-05
1,850,9.938742e-02,1.376516e-02,-1.799572e+00,1.060640e-01,7.722410e-05
1,875,1.060073e-01,1.468201e-02,-1.668409e+00,1.126920e-01,8.236774e-05
1,900,1.138105e-01,1.576275e-02,-1.520453e+00,1.205010e-01,8.843085e-05
1,925,1.224870e-01,1.696445e-02,-1.361160e+00,1.291540e-01,9.517247e-05
1,950,1.314886e-01,1.821117e-02,-1.199193e+00,1.380810e-01,1.021667e-04
1,975,1.401205e-01,1.940669e-02,-1.044716e+00,1.465810e-01,1.088737e-04
1,1000,1.477378e-01,2.046169e-02,-9.065047e-01,1.540180e-01,1.147924e-04
1,1025,1.539448e-01,2.132135e-02,-7.894023e-01,1.600210e-01,1.196152e-04
1,1050,1.586645e-01,2.197503e-02,-6.936742e-01,1.645470e-01,1.232824e-04
1,1075,1.620739e-01,2.244724e-02,-6.163433e-01,1.677850e-01,1.259316e-04
1,1100,1.644527e-01,2.277670e-02,-5.532086e-01,1.700260e-01,1.277799e-04
1,1125,1.660828e-01,2.300247e-02,-5.002731e-01,1.715470e-01,1.290465e-04
1,1150,1.671907e-01,2.315591e-02,-4.543502e-01,1.725730e-01,1.299073e-04
1,1175,1.679440e-01,2.326024e-02,-4.131326e-01,1.732640e-01,1.304926e-04
1,1200,1.684608e-01,2.333183e-02,-3.750311e-01,1.737340e-01,1.308942e-04
1,1225,1.688170e-01,2.338115e-02,-3.389829e-01,1.740550e-01,1.311709e-04
1,1250,1.690668e-01,2.341576e-02,-3.042814e-01,1.742770e-01,1.313651e-04
1,1275,1.692446e-01,2.344038e-02,-2.704624e-01,1.744330e-01,1.315032e-04
1,1300,1.693725e-01,2.345809e-02,-2.372163e-01,1.745430e-01,1.316026e-04
1,1325,1.694667e-01,2.347114e-02,-2.043377e-01,1.746210e-01,1.316758e-04
1,1350,1.695373e-01,2.348091e-02,-1.716862e-01,1.746780e-01,1.317306e-04
1,1375,1.695922e-01,2.348852e-02,-1.391688e-01,1.747200e-01,1.317733e-04
1,1400,1.696363e-01,2.349462e-02,-1.067191e-01,1.747510e-01,1.318075e-04
1,1425,1.696734e-01,2.349976e-02,-7.429228e-02,1.747740e-01,1.318363e-04
1,1450,1.697048e-01,2.350412e-02,-4.185587e-02,1.747910e-01,1.318608e-04
1,1475,1.697341e-01,2.350818e-02,-9.386534e-03,1.748040e-01,1.318836e-04
1,1500,1.697617e-01,2.351200e-02,2.313254e-02,1.748150e-01,1.319050e-04
1,1525,1.697893e-01,2.351582e-02,5.571470e-02,1.748220e-01,1.319264e-04
1,1550,1.698170e-01,2.351966e-02,8.836987e-02,1.748290e-01,1.319480e-04
1,1575,1.698469e-01,2.352380e-02,1.211065e-01,1.748330e-01,1.319712e-04
1,1600,1.698781e-01,2.352812e-02,1.539313e-01,1.748370e-01,1.319954e-04
1,1625,1.699124e-01,2.353286e-02,1.868509e-01,1.748400e-01,1.320220e-04
1,1650,1.699488e-01,2.353791e-02,2.198710e-01,1.748430e-01,1.320503e-04
1,1675,1.699894e-01,2.354353e-02,2.529973e-01,1.748450e-01,1.320819e-04
1,1700,1.700343e-01,2.354975e-02,2.862361e-01,1.748460e-01,1.321168e-04
1,1725,1.700842e-01,2.355666e-02,3.195916e-01,1.748480e-01,1.321555e-04
1,1750,1.701385e-01,2.356419e-02,3.530716e-01,1.748490e-01,1.321978e-04
1,1775,1.701981e-01,2.357243e-02,3.866806e-01,1.748500e-01,1.322440e-04
1,1800,1.702630e-01,2.358143e-02,4.204259e-01,1.748500e-01,1.322945e-04
1,1825,1.703352e-01,2.359142e-02,4.543158e-01,1.748510e-01,1.323506e-04
1,1850,1.704129e-01,2.360219e-02,4.883558e-01,1.748510e-01,1.324110e-04
1,1875,1.704988e-01,2.361408e-02,5.225554e-01,1.748520e-01,1.324777e-04
1,1900,1.705913e-01,2.362689e-02,5.569223e-01,1.748520e-01,1.325495e-04
1,1925,1.706921e-01,2.364086e-02,5.914658e-01,1.748530e-01,1.326279e-04
1,1950,1.708015e-01,2.365601e-02,6.261953e-01,1.748530e-01,1.327129e-04
1,1975,1.709193e-01,2.367232e-02,6.611200e-01,1.748530e-01,1.328044e-04
1,2000,1.710460e-01,2.368988e-02,6.962523e-01,1.748540e-01,1.329029e-04
1,2025,1.711832e-01,2.370887e-02,7.316014e-01,1.748540e-01,1.330095e-04
1,2050,1.713293e-01,2.372911e-02,7.671800e-01,1.748540e-01,1.331230e-04
1,2075,1.714868e-01,2.375093e-02,8.029992e-01,1.748540e-01,1.332454e-04
1,2100,1.716544e-01,2.377413e-02,8.390730e-01,1.748550e-01,1.333756e-04
1,2125,1.718330e-01,2.379887e-02,8.754128e-01,1.748550e-01,1.335144e-04
1,2150,1.720225e-01,2.382512e-02,9.120329e-01,1.748560e-01,1.336616e-04
1,2175,1.722241e-01,2.385304e-02,9.489460e-01,1.748560e-01,1.338183e-04
1,2200,1.724370e-01,2.388253e-02,9.861667e-01,1.748570e-01,1.339837e-04
1,2225,1.726628e-01,2.391380e-02,1.023713e+00,1.748580e-01,1.341591e-04
1,2250,1.729004e-01,2.394670e-02,1.061590e+00,1.748590e-01,1.343437e-04
1,2275,1.731503e-01,2.398132e-02,1.099821e+00,1.748600e-01,1.345379e-04
1,2300,1.734128e-01,2.401767e-02,1.138411e+00,1.748620e-01,1.347419e-04
1,2325,1.736879e-01,2.405577e-02,1.177386e+00,1.748640e-01,1.349556e-04
1,2350,1.739757e-01,2.409563e-02,1.216756e+00,1.748670e-01,1.351792e-04
1,2375,1.742765e-01,2.413729e-02,1.256528e+00,1.748700e-01,1.354130e-04
1,2400,1.745886e-01,2.418052e-02,1.296727e+00,1.748740e-01,1.356555e-04
1,2425,1.749137e-01,2.422555e-02,1.337362e+00,1.748790e-01,1.359081e-04
1,2450,1.752510e-01,2.427227e-02,1.378447e+00,1.748850e-01,1.361702e-04
1,2475,1.755998e-01,2.432057e-02,1.419998e+00,1.748920e-01,1.364412e-04
1,2500,1.759610e-01,2.437060e-02,1.462026e+00,1.749010e-01,1.367218e-04
1,2525,1.763330e-01,2.442212e-02,1.504537e+00,1.749120e-01,1.370109e-04
1,2550,1.767160e-01,2.447516e-02,1.547548e+00,1.749250e-01,1.373084e-04
1,2575,1.771097e-01,2.452970e-02,1.591082e+00,1.749400e-01,1.376144e-04
1,2600,1.775135e-01,2.458561e-02,1.635136e+00,1.749590e-01,1.379281e-04
1,2625,1.779275e-01,2.464295e-02,1.679730e+00,1.749820e-01,1.382498e-04
1,2650,1.783506e-01,2.470156e-02,1.724882e+00,1.750090e-01,1.385786e-04
1,2675,1.787839e-01,2.476156e-02,1.770600e+00,1.750410e-01,1.389152e-04
1,2700,1.792257e-01,2.482276e-02,1.816905e+00,1.750800e-01,1.392585e-04
1,2725,1.796776e-01,2.488535e-02,1.863825e+00,1.751260e-01,1.396097e-04
1,2750,1.801382e-01,2.494914e-02,1.911371e+00,1.751820e-01,1.399675e-04
1,2775,1.806093e-01,2.501439e-02,1.959592e+00,1.752470e-01,1.403335e-04
1,2800,1.810915e-01,2.508118e-02,2.008504e+00,1.753260e-01,1.407083e-04
1,2825,1.815856e-01,2.514960e-02,2.058170e+00,1.754190e-01,1.410921e-04
1,2850,1.820930e-01,2.521988e-02,2.108649e+00,1.755300e-01,1.414864e-04
1,2875,1.826168e-01,2.529243e-02,2.160008e+00,1.756620e-01,1.418934e-04
1,2900,1.831612e-01,2.536783e-02,2.212339e+00,1.758190e-01,1.423164e-04
1,2925,1.837284e-01,2.544638e-02,2.265758e+00,1.760070e-01,1.427571e-04
1,2950,1.843254e-01,2.552907e-02,2.320409e+00,1.762310e-01,1.432210e-04
1,2975,1.849584e-01,2.561673e-02,2.376464e+00,1.764980e-01,1.437128e-04
1,3000,1.856365e-01,2.571065e-02,2.434150e+00,1.768170e-01,1.442397e-04
1,3025,1.863706e-01,2.581233e-02,2.493717e+00,1.771980e-01,1.448101e-04
1,3050,1.871743e-01,2.592364e-02,2.555509e+00,1.776540e-01,1.454346e-04
1,3075,1.880643e-01,2.604690e-02,2.619905e+00,1.781990e-01,1.461261e-04
1,3100,1.890593e-01,2.618472e-02,2.687404e+00,1.788520e-01,1.468992e-04
1,3125,1.901862e-01,2.634079e-02,2.758587e+00,1.796340e-01,1.477748e-04
1,3150,1.914732e-01,2.651903e-02,2.834148e+00,1.805710e-01,1.487748e-04
1,3175,1.929579e-01,2.672467e-02,2.914949e+00,1.816940e-01,1.499284e-04
1,3200,1.946830e-01,2.696359e-02,3.001991e+00,1.830410e-01,1.512688e-04
1,3225,1.967030e-01,2.724336e-02,3.096517e+00,1.846570e-01,1.528384e-04
1,3250,1.990807e-01,2.757267e-02,3.199957e+00,1.865960e-01,1.546858e-04
1,3275,2.018956e-01,2.796254e-02,3.314043e+00,1.889220e-01,1.568730e-04
1,3300,2.052398e-01,2.842571e-02,3.440839e+00,1.917140e-01,1.594715e-04
1,3325,2.092280e-01,2.897808e-02,3.582777e+00,1.950630e-01,1.625703e-04
1,3350,2.139981e-01,2.963873e-02,3.742741e+00,1.990830e-01,1.662767e-04
1,3375,2.197191e-01,3.043110e-02,3.924134e+00,2.039090e-01,1.707219e-04
1,3400,2.265960e-01,3.138355e-02,4.130973e+00,2.097030e-01,1.760653e-04
1,3425,2.348824e-01,3.253121e-02,4.368000e+00,2.166610e-01,1.825038e-04
1,3450,2.448938e-01,3.391779e-02,4.640783e+00,2.250230e-01,1.902827e-04
1,3475,2.570222e-01,3.559757e-02,4.955888e+00,2.350790e-01,1.997064e-04
1,3500,2.717638e-01,3.763929e-02,5.321027e+00,2.471860e-01,2.111607e-04
1,3525,2.897441e-01,4.012955e-02,5.744862e+00,2.617830e-01,2.251314e-04
1,3550,3.116021e-01,4.315689e-02,6.228815e+00,2.794180e-01,2.421151e-04
1,3575,3.385769e-01,4.689290e-02,6.792983e+00,3.007760e-01,2.630745e-04
1,3600,3.721149e-01,5.153792e-02,7.451804e+00,3.267310e-01,2.891336e-04
1,3625,4.142125e-01,5.736843e-02,8.222481e+00,3.584030e-01,3.218434e-04
1,3650,4.677037e-01,6.477696e-02,9.125777e+00,3.972620e-01,3.634061e-04
1,3675,5.365125e-01,7.430698e-02,1.017436e+01,4.452610e-01,4.168706e-04
1,3700,6.267713e-01,8.680783e-02,1.138850e+01,5.050640e-01,4.870018e-04
1,3725,7.487256e-01,1.036985e-01,1.281113e+01,5.803910e-01,5.817604e-04
1,3750,9.189153e-01,1.272698e-01,1.444694e+01,6.766060e-01,7.139979e-04
1,3775,1.169948e+00,1.620378e-01,1.637414e+01,8.017320e-01,9.090506e-04
1,3800,1.568147e+00,2.171884e-01,1.860069e+01,9.683390e-01,1.218452e-03
1,3825,2.282670e+00,3.161499e-01,2.118522e+01,1.197290e+00,1.773637e-03
1,3850,3.893488e+00,5.392480e-01,2.414741e+01,1.525910e+00,3.025243e-03
1,3875,1.052344e+01,1.457496e+00,2.754147e+01,2.028090e+00,8.176719e-03
1,3900,8.554310e+01,1.000000e+01,2.972280e+01,2.873260e+00,6.646706e-02
1,3925,1.381180e+02,1.000000e+01,2.987630e+01,4.551670e+00,1.073178e-01
1,3950,2.827390e+02,1.000000e+01,2.991170e+01,9.282250e+00,2.196884e-01
1,3975,1.000000e+03,1.000000e+01,2.987110e+01,7.056540e+01,7.770008e-01
1,4000,1.000000e+03,1.000000e+01,3.005640e+01,2.000000e+02,7.770008e-01
