P_atm,T_K,M_mpp[kg/kmol],M_ref[kg/kmol],M_err_pct,Cp_mpp[kJ/kg-K],Cp_ref[kJ/kg-K],Cp_err_pct,h_mpp[kJ/kg],h_ref[kJ/kg],h_err_pct,gamma_mpp[-],gamma_ref[-],gamma_err_pct,rho_mpp[kg/m3],rho_ref[kg/m3],rho_err_pct,mu_mpp[millipoise],mu_ref[millipoise],mu_err_pct
0.01,200,2.199600e+01,2.199600e+01,0.0000,1.511870e+00,1.511900e+00,-0.0020,-7.246370e+03,-7.246500e+03,0.0018,1.333370e+00,1.333400e+00,-0.0022,1.340280e-02,1.340300e-02,-0.0015,9.196210e-02,8.688100e-02,5.8483
0.01,225,2.199600e+01,2.199600e+01,0.0000,1.533580e+00,1.533600e+00,-0.0013,-7.208310e+03,-7.208400e+03,0.0012,1.327110e+00,1.327100e+00,0.0008,1.191360e-02,1.191300e-02,0.0050,1.024210e-01,9.666300e-02,5.9568
0.01,250,2.199600e+01,2.199600e+01,0.0000,1.559870e+00,1.559900e+00,-0.0019,-7.169650e+03,-7.169800e+03,0.0021,1.319850e+00,1.319800e+00,0.0038,1.072220e-02,1.072200e-02,0.0019,1.127750e-01,1.064500e-01,5.9418
0.01,275,2.199590e+01,2.199600e+01,-0.0005,1.593250e+00,1.593300e+00,-0.0031,-7.130260e+03,-7.130400e+03,0.0020,1.311130e+00,1.311100e+00,0.0023,9.747440e-03,9.747300e-03,0.0014,1.230000e-01,1.161500e-01,5.8975
0.01,300,2.199550e+01,2.199500e+01,0.0023,1.635440e+00,1.635400e+00,0.0024,-7.089920e+03,-7.090000e+03,0.0011,1.300940e+00,1.300900e+00,0.0031,8.934980e-03,8.934800e-03,0.0020,1.330730e-01,1.257200e-01,5.8487
0.01,325,2.199400e+01,2.199400e+01,0.0000,1.689940e+00,1.689900e+00,0.0024,-7.048380e+03,-7.048500e+03,0.0017,1.289160e+00,1.289100e+00,0.0047,8.247140e-03,8.247000e-03,0.0017,1.432600e-01,1.351400e-01,6.0086
0.01,350,2.199010e+01,2.199000e+01,0.0005,1.764040e+00,1.763800e+00,0.0136,-7.005260e+03,-7.005400e+03,0.0020,1.275460e+00,1.275300e+00,0.0125,7.656690e-03,7.656600e-03,0.0012,1.533040e-01,1.443900e-01,6.1736
0.01,375,2.198050e+01,2.198000e+01,0.0023,1.870500e+00,1.869900e+00,0.0321,-6.959910e+03,-6.960100e+03,0.0027,1.259450e+00,1.259100e+00,0.0278,7.143140e-03,7.143000e-03,0.0020,1.631750e-01,1.534800e-01,6.3168
0.01,400,2.196010e+01,2.196000e+01,0.0005,2.028400e+00,2.027100e+00,0.0641,-6.911310e+03,-6.911500e+03,0.0027,1.241150e+00,1.240300e+00,0.0685,6.690470e-03,6.690400e-03,0.0010,1.728300e-01,1.624100e-01,6.4159
0.01,425,2.192050e+01,2.192100e+01,-0.0023,2.262050e+00,2.259700e+00,0.1040,-6.857860e+03,-6.858100e+03,0.0035,1.221520e+00,1.219600e+00,0.1574,6.285560e-03,6.285600e-03,-0.0006,1.822020e-01,1.712200e-01,6.4140
0.01,450,2.185060e+01,2.185100e+01,-0.0018,2.596950e+00,2.593000e+00,0.1523,-6.797360e+03,-6.797600e+03,0.0035,1.202450e+00,1.198800e+00,0.3045,5.917430e-03,5.917600e-03,-0.0029,1.911990e-01,1.799300e-01,6.2630
0.01,475,2.173730e+01,2.173900e+01,-0.0078,3.052840e+00,3.046800e+00,0.1982,-6.727000e+03,-6.727400e+03,0.0059,1.186020e+00,1.179700e+00,0.5357,5.576900e-03,5.577200e-03,-0.0054,1.997010e-01,1.885800e-01,5.8972
0.01,500,2.156790e+01,2.157000e+01,-0.0097,3.640560e+00,3.632300e+00,0.2274,-6.643620e+03,-6.644200e+03,0.0087,1.173280e+00,1.163400e+00,0.8492,5.256790e-03,5.257300e-03,-0.0097,2.075910e-01,1.971900e-01,5.2746
0.01,525,2.133350e+01,2.133700e+01,-0.0164,4.384660e+00,4.373700e+00,0.2506,-6.543700e+03,-6.544500e+03,0.0122,1.163430e+00,1.149200e+00,1.2383,4.952060e-03,4.952800e-03,-0.0149,2.145010e-01,2.057800e-01,4.2380
0.01,550,2.102620e+01,2.103100e+01,-0.0228,5.414800e+00,5.398900e+00,0.2945,-6.422080e+03,-6.423200e+03,0.0174,1.154350e+00,1.135100e+00,1.6959,4.658860e-03,4.659800e-03,-0.0202,2.207330e-01,2.143500e-01,2.9778
0.01,575,2.062460e+01,2.063100e+01,-0.0310,7.129530e+00,7.101200e+00,0.3989,-6.267350e+03,-6.269000e+03,0.0263,1.145810e+00,1.119700e+00,2.3319,4.371190e-03,4.372500e-03,-0.0300,2.265040e-01,2.229400e-01,1.5986
0.01,600,2.007110e+01,2.008000e+01,-0.0443,1.018300e+01,1.013000e+01,0.5232,-6.054360e+03,-6.057000e+03,0.0436,1.143690e+00,1.106000e+00,3.4078,4.076640e-03,4.078400e-03,-0.0432,2.321290e-01,2.317700e-01,0.1549
0.01,625,1.928090e+01,1.929400e+01,-0.0679,1.491000e+01,1.482700e+01,0.5598,-5.743960e+03,-5.748300e+03,0.0755,1.154550e+00,1.097900e+00,5.1599,3.759490e-03,3.762000e-03,-0.0667,2.377600e-01,2.411100e-01,-1.3894
0.01,650,1.821370e+01,1.823100e+01,-0.0949,2.069130e+01,2.058900e+01,0.4969,-5.299770e+03,-5.306500e+03,0.1268,1.176270e+00,1.095400e+00,7.3827,3.414810e-03,3.418100e-03,-0.0963,2.440690e-01,2.510700e-01,-2.7885
0.01,675,1.694660e+01,1.696700e+01,-0.1202,2.573200e+01,2.564800e+01,0.3275,-4.715140e+03,-4.724300e+03,0.1939,1.198860e+00,1.096900e+00,9.2953,3.059570e-03,3.063300e-03,-0.1218,2.519180e-01,2.613500e-01,-3.6090
0.01,700,1.568290e+01,1.570300e+01,-0.1280,2.689620e+01,2.690000e+01,-0.0141,-4.045400e+03,-4.055700e+03,0.2540,1.207980e+00,1.101500e+00,9.6668,2.730310e-03,2.733700e-03,-0.1240,2.619470e-01,2.713100e-01,-3.4510
0.01,725,1.468260e+01,1.469700e+01,-0.0980,2.147400e+01,2.160300e+01,-0.5971,-3.426960e+03,-3.435600e+03,0.2515,1.194280e+00,1.110500e+00,7.5443,2.468010e-03,2.470400e-03,-0.0967,2.732620e-01,2.803000e-01,-2.5109
0.01,750,1.410280e+01,1.411000e+01,-0.0510,1.237490e+01,1.252700e+01,-1.2142,-3.004040e+03,-3.008800e+03,0.1582,1.175360e+00,1.129800e+00,4.0326,2.291540e-03,2.292700e-03,-0.0506,2.835370e-01,2.881200e-01,-1.5907
0.01,775,1.386470e+01,1.386700e+01,-0.0166,6.257630e+00,6.336000e+00,-1.2369,-2.780800e+03,-2.782700e+03,0.0683,1.188080e+00,1.169400e+00,1.5974,2.180170e-03,2.180600e-03,-0.0197,2.917580e-01,2.951400e-01,-1.1459
0.01,800,1.378680e+01,1.378800e+01,-0.0087,3.908800e+00,3.938300e+00,-0.7491,-2.659150e+03,-2.659700e+03,0.0207,1.225390e+00,1.218200e+00,0.5902,2.100180e-03,2.100300e-03,-0.0057,2.987410e-01,3.017600e-01,-1.0005
0.01,825,1.376290e+01,1.376300e+01,-0.0007,3.198430e+00,3.212600e+00,-0.4411,-2.572130e+03,-2.572200e+03,0.0027,1.250380e+00,1.247500e+00,0.2309,2.033000e-03,2.033000e-03,0.0000,3.052410e-01,3.082000e-01,-0.9601
0.01,850,1.375500e+01,1.375500e+01,-0.0000,3.021600e+00,3.036600e+00,-0.4940,-2.495010e+03,-2.494800e+03,-0.0084,1.257400e+00,1.255500e+00,0.1513,1.972080e-03,1.972000e-03,0.0041,3.115490e-01,3.145300e-01,-0.9478
0.01,875,1.374980e+01,1.374900e+01,0.0058,3.169240e+00,3.211700e+00,-1.3220,-2.418590e+03,-2.417800e+03,-0.0327,1.247850e+00,1.244000e+00,0.3095,1.915010e-03,1.914900e-03,0.0057,3.177470e-01,3.208200e-01,-0.9579
0.01,900,1.372700e+01,1.372000e+01,0.0510,4.468020e+00,5.040500e+00,-11.3576,-2.327400e+03,-2.321500e+03,-0.2541,1.206270e+00,1.186300e+00,1.6834,1.858720e-03,1.857700e-03,0.0549,3.238050e-01,3.274300e-01,-1.1071
0.01,925,1.363070e+01,1.358400e+01,0.3438,7.702080e+00,9.324900e+00,-17.4031,-2.176870e+03,-2.140500e+03,-1.6991,1.179450e+00,1.146400e+00,2.8829,1.795800e-03,1.789700e-03,0.3408,3.295430e-01,3.357300e-01,-1.8428
0.01,950,1.344590e+01,1.335400e+01,0.6882,9.993060e+00,1.119300e+01,-10.7205,-1.951750e+03,-1.878800e+03,-3.8828,1.180730e+00,1.141300e+00,3.4548,1.724840e-03,1.713000e-03,0.6912,3.349080e-01,3.457400e-01,-3.1330
0.01,975,1.322490e+01,1.310500e+01,0.9149,1.074040e+01,1.140300e+01,-5.8108,-1.690230e+03,-1.594300e+03,-6.0171,1.184980e+00,1.143400e+00,3.6365,1.652990e-03,1.638000e-03,0.9151,3.400840e-01,3.562600e-01,-4.5405
0.01,1000,1.300480e+01,1.287200e+01,1.0317,1.067070e+01,1.094400e+01,-2.4973,-1.421430e+03,-1.314100e+03,-8.1676,1.188250e+00,1.147600e+00,3.5422,1.584850e-03,1.568700e-03,1.0295,3.452090e-01,3.667300e-01,-5.8684
0.01,1025,1.280210e+01,1.266600e+01,1.0745,1.020780e+01,1.019800e+01,0.0961,-1.159920e+03,-1.049500e+03,-10.5212,1.190540e+00,1.153000e+00,3.2559,1.522080e-03,1.505900e-03,1.0744,3.501260e-01,3.768600e-01,-7.0939
0.01,1050,1.262280e+01,1.249000e+01,1.0633,9.594210e+00,9.369300e+00,2.4005,-9.122760e+02,-8.048500e+02,-13.3473,1.191980e+00,1.158900e+00,2.8544,1.465030e-03,1.449600e-03,1.0644,3.550920e-01,3.864900e-01,-8.1239
0.01,1075,1.246750e+01,1.234200e+01,1.0169,8.993410e+00,8.589900e+00,4.6975,-6.800960e+02,-5.805700e+02,-17.1428,1.192370e+00,1.164500e+00,2.3933,1.413360e-03,1.399200e-03,1.0120,3.601260e-01,3.955400e-01,-8.9533
0.01,1100,1.233390e+01,1.221900e+01,0.9403,8.527300e+00,7.949600e+00,7.2670,-4.614760e+02,-3.741900e+02,-23.3267,1.191110e+00,1.168900e+00,1.9001,1.366430e-03,1.353700e-03,0.9404,3.652360e-01,4.039800e-01,-9.5906
0.01,1125,1.221760e+01,1.211500e+01,0.8469,8.292840e+00,7.511200e+00,10.4063,-2.517970e+02,-1.814000e+02,-38.8076,1.187390e+00,1.171000e+00,1.3997,1.323470e-03,1.312400e-03,0.8435,3.704290e-01,4.117800e-01,-10.0420
0.01,1150,1.211330e+01,1.202700e+01,0.7176,8.373240e+00,7.322800e+00,14.3448,-4.420830e+01,3.457300e+00,-95.3312,1.180670e+00,1.169600e+00,0.9465,1.283650e-03,1.274500e-03,0.7179,3.757090e-01,4.189100e-01,-10.3127
0.01,1175,1.201500e+01,1.194800e+01,0.5608,8.843560e+00,7.428800e+00,19.0443,1.701170e+02,1.871900e+02,-9.1207,1.171350e+00,1.164000e+00,0.6314,1.246150e-03,1.239100e-03,0.5690,3.810840e-01,4.252800e-01,-10.3922
0.01,1200,1.191640e+01,1.187300e+01,0.3655,9.764690e+00,7.876600e+00,23.9709,4.017380e+02,3.777400e+02,6.3530,1.160970e+00,1.154900e+00,0.5256,1.210170e-03,1.205800e-03,0.3624,3.865660e-01,4.308100e-01,-10.2700
0.01,1225,1.181100e+01,1.179800e+01,0.1102,1.115250e+01,8.716600e+00,27.9455,6.622730e+02,5.842900e+02,13.3466,1.151630e+00,1.143500e+00,0.7110,1.174990e-03,1.173700e-03,0.1099,3.921670e-01,4.353300e-01,-9.9150
0.01,1250,1.169350e+01,1.171600e+01,-0.1920,1.289770e+01,9.990800e+00,29.0958,9.624170e+02,8.172100e+02,17.7686,1.145040e+00,1.131700e+00,1.1788,1.140030e-03,1.142300e-03,-0.1987,3.978940e-01,4.386700e-01,-9.2954
0.01,1275,1.156180e+01,1.162400e+01,-0.5351,1.460920e+01,1.169000e+01,24.9718,1.307010e+03,1.087400e+03,20.1959,1.141900e+00,1.121300e+00,1.8372,1.105090e-03,1.111000e-03,-0.5320,4.037330e-01,4.406500e-01,-8.3779
0.01,1300,1.142080e+01,1.151600e+01,-0.8267,1.544680e+01,1.364500e+01,13.2048,1.685690e+03,1.404000e+03,20.0634,1.141820e+00,1.113500e+00,2.5433,1.070620e-03,1.079500e-03,-0.8226,4.096250e-01,4.411900e-01,-7.1545
0.01,1325,1.128550e+01,1.139300e+01,-0.9436,1.437400e+01,1.526800e+01,-5.8554,2.063140e+03,1.767100e+03,16.7529,1.144490e+00,1.109500e+00,3.1537,1.037980e-03,1.047900e-03,-0.9467,4.154640e-01,4.404800e-01,-5.6793
0.01,1350,1.117670e+01,1.126500e+01,-0.7838,1.138700e+01,1.521700e+01,-25.1692,2.387840e+03,2.153500e+03,10.8818,1.152750e+00,1.111400e+00,3.7205,1.008930e-03,1.016900e-03,-0.7838,4.211320e-01,4.393000e-01,-4.1357
0.01,1375,1.110490e+01,1.115500e+01,-0.4491,8.125440e+00,1.219100e+01,-33.3489,2.630360e+03,2.502100e+03,5.1261,1.172200e+00,1.124900e+00,4.2048,9.842200e-04,9.886500e-04,-0.4481,4.265850e-01,4.391500e-01,-2.8612
0.01,1400,1.106350e+01,1.108500e+01,-0.1940,5.919790e+00,7.980400e+00,-25.8209,2.803360e+03,2.752700e+03,1.8404,1.201520e+00,1.157900e+00,3.7672,9.630460e-04,9.648900e-04,-0.1911,4.318700e-01,4.412600e-01,-2.1280
0.01,1425,1.104050e+01,1.104900e+01,-0.0769,4.754140e+00,5.445700e+00,-12.6992,2.935100e+03,2.916400e+03,0.6412,1.229960e+00,1.202900e+00,2.2496,9.441780e-04,9.449400e-04,-0.0806,4.370540e-01,4.452000e-01,-1.8297
0.01,1450,1.102700e+01,1.103200e+01,-0.0453,4.184500e+00,4.404600e+00,-4.9970,3.045980e+03,3.037500e+03,0.2792,1.249910e+00,1.236800e+00,1.0600,9.267680e-04,9.271600e-04,-0.0423,4.421800e-01,4.499600e-01,-1.7290
0.01,1475,1.101850e+01,1.102200e+01,-0.0318,3.902770e+00,3.988000e+00,-2.1372,3.146680e+03,3.141700e+03,0.1585,1.261540e+00,1.254900e+00,0.5291,9.103610e-04,9.106100e-04,-0.0273,4.472700e-01,4.549900e-01,-1.6967
0.01,1500,1.101280e+01,1.101500e+01,-0.0200,3.757700e+00,3.801600e+00,-1.1548,3.242240e+03,3.238700e+03,0.1093,1.267700e+00,1.263700e+00,0.3165,8.947250e-04,8.949100e-04,-0.0207,4.523320e-01,4.600900e-01,-1.6862
0.01,1525,1.100870e+01,1.101000e+01,-0.0118,3.681270e+00,3.709400e+00,-0.7583,3.335120e+03,3.332500e+03,0.0786,1.270640e+00,1.267900e+00,0.2161,8.797300e-04,8.798700e-04,-0.0159,4.573690e-01,4.652100e-01,-1.6855
0.01,1550,1.100560e+01,1.100700e+01,-0.0127,3.642760e+00,3.662900e+00,-0.5498,3.426610e+03,3.424600e+03,0.0587,1.271680e+00,1.269600e+00,0.1638,8.652980e-04,8.654000e-04,-0.0118,4.623850e-01,4.703200e-01,-1.6871
0.01,1575,1.100320e+01,1.100400e+01,-0.0073,3.627650e+00,3.642700e+00,-0.4132,3.517450e+03,3.515900e+03,0.0441,1.271510e+00,1.269900e+00,0.1268,8.513720e-04,8.514500e-04,-0.0092,4.673800e-01,4.754200e-01,-1.6911
0.01,1600,1.100110e+01,1.100200e+01,-0.0082,3.628790e+00,3.640200e+00,-0.3134,3.608130e+03,3.606900e+03,0.0341,1.270490e+00,1.269200e+00,0.1016,8.379100e-04,8.379700e-04,-0.0072,4.723550e-01,4.805000e-01,-1.6951
0.01,1625,1.099920e+01,1.100000e+01,-0.0073,3.642510e+00,3.651200e+00,-0.2380,3.699000e+03,3.698000e+03,0.0270,1.268820e+00,1.267800e+00,0.0805,8.248790e-04,8.249300e-04,-0.0062,4.773110e-01,4.855700e-01,-1.7009
0.01,1650,1.099740e+01,1.099800e+01,-0.0055,3.667020e+00,3.673600e+00,-0.1791,3.790350e+03,3.789500e+03,0.0224,1.266610e+00,1.265700e+00,0.0719,8.122490e-04,8.122900e-04,-0.0050,4.822480e-01,4.906200e-01,-1.7064
0.01,1675,1.099560e+01,1.099600e+01,-0.0036,3.701540e+00,3.706400e+00,-0.1311,3.882430e+03,3.881800e+03,0.0162,1.263920e+00,1.263100e+00,0.0649,7.999950e-04,8.000300e-04,-0.0044,4.871680e-01,4.956500e-01,-1.7113
0.01,1700,1.099370e+01,1.099400e+01,-0.0027,3.745980e+00,3.749500e+00,-0.0939,3.975510e+03,3.974900e+03,0.0153,1.260780e+00,1.260000e+00,0.0619,7.880920e-04,7.881200e-04,-0.0036,4.920700e-01,5.006700e-01,-1.7177
0.01,1725,1.099160e+01,1.099200e+01,-0.0036,3.800720e+00,3.803000e+00,-0.0600,4.069820e+03,4.069300e+03,0.0128,1.257210e+00,1.256500e+00,0.0565,7.765210e-04,7.765400e-04,-0.0024,4.969560e-01,5.056800e-01,-1.7252
0.01,1750,1.098920e+01,1.098900e+01,0.0018,3.866470e+00,3.867700e+00,-0.0318,4.165630e+03,4.165200e+03,0.0103,1.253240e+00,1.252500e+00,0.0591,7.652590e-04,7.652800e-04,-0.0027,5.018260e-01,5.106700e-01,-1.7318
0.01,1775,1.098640e+01,1.098700e+01,-0.0055,3.944230e+00,3.944500e+00,-0.0068,4.263240e+03,4.262800e+03,0.0103,1.248870e+00,1.248000e+00,0.0697,7.542890e-04,7.543100e-04,-0.0028,5.066810e-01,5.156600e-01,-1.7413
0.01,1800,1.098310e+01,1.098300e+01,0.0009,4.035230e+00,4.034500e+00,0.0181,4.362960e+03,4.362500e+03,0.0105,1.244120e+00,1.243200e+00,0.0740,7.435920e-04,7.436100e-04,-0.0024,5.115210e-01,5.206300e-01,-1.7496
0.01,1825,1.097930e+01,1.098000e+01,-0.0064,4.140920e+00,4.139300e+00,0.0391,4.465120e+03,4.464600e+03,0.0116,1.239020e+00,1.237900e+00,0.0905,7.331510e-04,7.331700e-04,-0.0026,5.163480e-01,5.255900e-01,-1.7584
0.01,1850,1.097480e+01,1.097500e+01,-0.0018,4.262960e+00,4.260400e+00,0.0601,4.570140e+03,4.569600e+03,0.0118,1.233620e+00,1.232300e+00,0.1071,7.229470e-04,7.229600e-04,-0.0018,5.211610e-01,5.305500e-01,-1.7697
0.01,1875,1.096950e+01,1.097000e+01,-0.0046,4.403190e+00,4.399600e+00,0.0816,4.678420e+03,4.677800e+03,0.0133,1.227950e+00,1.226400e+00,0.1264,7.129630e-04,7.129800e-04,-0.0024,5.259610e-01,5.355000e-01,-1.7813
0.01,1900,1.096330e+01,1.096400e+01,-0.0064,4.563610e+00,4.558900e+00,0.1033,4.790470e+03,4.789800e+03,0.0140,1.222060e+00,1.220200e+00,0.1524,7.031840e-04,7.032000e-04,-0.0023,5.307490e-01,5.404500e-01,-1.7950
0.01,1925,1.095600e+01,1.095600e+01,0.0000,4.746440e+00,4.740600e+00,0.1232,4.906790e+03,4.906000e+03,0.0161,1.216030e+00,1.213800e+00,0.1837,6.935920e-04,6.936100e-04,-0.0026,5.355260e-01,5.454000e-01,-1.8104
0.01,1950,1.094750e+01,1.094800e+01,-0.0046,4.954050e+00,4.946900e+00,0.1445,5.027990e+03,5.027000e+03,0.0197,1.209920e+00,1.207300e+00,0.2170,6.841700e-04,6.841900e-04,-0.0029,5.402920e-01,5.503400e-01,-1.8258
0.01,1975,1.093770e+01,1.093800e+01,-0.0027,5.189000e+00,5.180400e+00,0.1660,5.154720e+03,5.153500e+03,0.0237,1.203820e+00,1.200700e+00,0.2598,6.749020e-04,6.749300e-04,-0.0041,5.450470e-01,5.552900e-01,-1.8446
0.01,2000,1.092630e+01,1.092700e+01,-0.0064,5.454000e+00,5.443800e+00,0.1874,5.287690e+03,5.286300e+03,0.0263,1.197790e+00,1.194100e+00,0.3090,6.657710e-04,6.658000e-04,-0.0044,5.497930e-01,5.602500e-01,-1.8665
0.01,2025,1.091310e+01,1.091400e+01,-0.0082,5.751960e+00,5.740000e+00,0.2084,5.427700e+03,5.426000e+03,0.0313,1.191910e+00,1.187500e+00,0.3714,6.567590e-04,6.567900e-04,-0.0047,5.543650e-01,5.652100e-01,-1.9188
0.01,2050,1.089800e+01,1.089900e+01,-0.0092,6.085980e+00,6.072100e+00,0.2286,5.575590e+03,5.573600e+03,0.0357,1.186260e+00,1.181100e+00,0.4369,6.478510e-04,6.478900e-04,-0.0060,5.589260e-01,5.701700e-01,-1.9720
0.01,2075,1.088070e+01,1.088100e+01,-0.0028,6.459300e+00,6.443200e+00,0.2499,5.732320e+03,5.729900e+03,0.0422,1.180900e+00,1.174900e+00,0.5107,6.390290e-04,6.390700e-04,-0.0064,5.634740e-01,5.751600e-01,-2.0318
0.01,2100,1.086100e+01,1.086200e+01,-0.0092,6.875370e+00,6.856800e+00,0.2708,5.898910e+03,5.896100e+03,0.0477,1.175910e+00,1.168900e+00,0.5997,6.302760e-04,6.303200e-04,-0.0070,5.680110e-01,5.801500e-01,-2.0924
0.01,2125,1.083850e+01,1.084000e+01,-0.0138,7.337820e+00,7.316600e+00,0.2900,6.076480e+03,6.073100e+03,0.0557,1.171320e+00,1.163100e+00,0.7067,6.215750e-04,6.216300e-04,-0.0088,5.725370e-01,5.851700e-01,-2.1589
0.01,2150,1.081310e+01,1.081400e+01,-0.0083,7.850480e+00,7.826300e+00,0.3090,6.266220e+03,6.262300e+03,0.0626,1.167190e+00,1.157700e+00,0.8197,6.129090e-04,6.129700e-04,-0.0100,5.770500e-01,5.902100e-01,-2.2297
0.01,2175,1.078450e+01,1.078600e+01,-0.0139,8.417380e+00,8.389900e+00,0.3275,6.469450e+03,6.464900e+03,0.0704,1.163560e+00,1.152600e+00,0.9509,6.042600e-04,6.043300e-04,-0.0116,5.815510e-01,5.952700e-01,-2.3047
0.01,2200,1.075230e+01,1.075400e+01,-0.0158,9.042750e+00,9.011700e+00,0.3446,6.687580e+03,6.682300e+03,0.0790,1.160450e+00,1.147800e+00,1.1021,5.956110e-04,5.956900e-04,-0.0133,5.860390e-01,6.003700e-01,-2.3870
0.01,2225,1.071630e+01,1.071800e+01,-0.0159,9.731070e+00,9.696000e+00,0.3617,6.922120e+03,6.916000e+03,0.0885,1.157880e+00,1.143400e+00,1.2664,5.869450e-04,5.870400e-04,-0.0162,5.905110e-01,6.055000e-01,-2.4755
0.01,2250,1.067610e+01,1.067800e+01,-0.0178,1.048710e+01,1.044800e+01,0.3742,7.174700e+03,7.167700e+03,0.0977,1.155880e+00,1.139400e+00,1.4464,5.782460e-04,5.783500e-04,-0.0180,5.949660e-01,6.106600e-01,-2.5700
0.01,2275,1.063140e+01,1.063400e+01,-0.0244,1.131570e+01,1.127200e+01,0.3877,7.447080e+03,7.439000e+03,0.1086,1.154440e+00,1.135700e+00,1.6501,5.694980e-04,5.696100e-04,-0.0197,5.994010e-01,6.158700e-01,-2.6741
0.01,2300,1.058190e+01,1.058400e+01,-0.0198,1.222240e+01,1.217300e+01,0.4058,7.741130e+03,7.731900e+03,0.1194,1.153590e+00,1.132300e+00,1.8802,5.606830e-04,5.608100e-04,-0.0226,6.038100e-01,6.211200e-01,-2.7869
0.01,2325,1.052720e+01,1.053000e+01,-0.0266,1.321270e+01,1.315800e+01,0.4157,8.058890e+03,8.048300e+03,0.1316,1.153320e+00,1.129300e+00,2.1270,5.517870e-04,5.519300e-04,-0.0259,6.081910e-01,6.264200e-01,-2.9100
0.01,2350,1.046700e+01,1.047000e+01,-0.0287,1.429270e+01,1.423100e+01,0.4336,8.402520e+03,8.390500e+03,0.1433,1.153630e+00,1.126600e+00,2.3993,5.427940e-04,5.429500e-04,-0.0287,6.125350e-01,6.317800e-01,-3.0462
0.01,2375,1.040090e+01,1.040400e+01,-0.0298,1.546870e+01,1.540100e+01,0.4396,8.774330e+03,8.760700e+03,0.1556,1.154530e+00,1.124200e+00,2.6979,5.336910e-04,5.338600e-04,-0.0317,6.168360e-01,6.371900e-01,-3.1943
0.01,2400,1.032870e+01,1.033200e+01,-0.0319,1.674770e+01,1.667200e+01,0.4541,9.176810e+03,9.161400e+03,0.1682,1.156030e+00,1.122000e+00,3.0330,5.244640e-04,5.246500e-04,-0.0355,6.210840e-01,6.426700e-01,-3.3588
0.01,2425,1.025000e+01,1.025400e+01,-0.0390,1.813660e+01,1.805300e+01,0.4631,9.612630e+03,9.595200e+03,0.1817,1.158110e+00,1.120100e+00,3.3934,5.151010e-04,5.153100e-04,-0.0406,6.252680e-01,6.482200e-01,-3.5408
0.01,2450,1.016450e+01,1.016900e+01,-0.0443,1.964260e+01,1.955000e+01,0.4737,1.008460e+04,1.006500e+04,0.1947,1.160780e+00,1.118400e+00,3.7893,5.055920e-04,5.058200e-04,-0.0451,6.293760e-01,6.538400e-01,-3.7416
0.01,2475,1.007190e+01,1.007700e+01,-0.0506,2.127250e+01,2.117000e+01,0.4842,1.059580e+04,1.057400e+04,0.2062,1.164040e+00,1.117000e+00,4.2113,4.959260e-04,4.961800e-04,-0.0512,6.333930e-01,6.595400e-01,-3.9644
0.01,2500,9.972000e+00,9.977600e+00,-0.0561,2.303240e+01,2.291900e+01,0.4948,1.114930e+04,1.112500e+04,0.2184,1.167890e+00,1.115700e+00,4.6778,4.860980e-04,4.863700e-04,-0.0559,6.373040e-01,6.653200e-01,-4.2109
0.01,2525,9.864620e+00,9.870700e+00,-0.0616,2.492590e+01,2.480000e+01,0.5077,1.174850e+04,1.172100e+04,0.2346,1.172330e+00,1.114700e+00,5.1700,4.761030e-04,4.764000e-04,-0.0623,6.410900e-01,6.712000e-01,-4.4860
0.01,2550,9.749620e+00,9.756300e+00,-0.0685,2.695360e+01,2.681500e+01,0.5169,1.239670e+04,1.236600e+04,0.2483,1.177330e+00,1.113900e+00,5.6944,4.659390e-04,4.662600e-04,-0.0688,6.447330e-01,6.771700e-01,-4.7901
0.01,2575,9.626960e+00,9.634200e+00,-0.0751,2.911030e+01,2.895700e+01,0.5294,1.309730e+04,1.306300e+04,0.2626,1.182880e+00,1.113200e+00,6.2594,4.556110e-04,4.559500e-04,-0.0744,6.482140e-01,6.832300e-01,-5.1251
0.01,2600,9.496720e+00,9.504500e+00,-0.0819,3.138290e+01,3.121400e+01,0.5411,1.385320e+04,1.381400e+04,0.2838,1.188910e+00,1.112700e+00,6.8491,4.451250e-04,4.454900e-04,-0.0819,6.515130e-01,6.893900e-01,-5.4943
0.01,2625,9.359160e+00,9.367600e+00,-0.0901,3.374790e+01,3.356400e+01,0.5479,1.466720e+04,1.462400e+04,0.2954,1.195360e+00,1.112400e+00,7.4577,4.345000e-04,4.348900e-04,-0.0897,6.546110e-01,6.956400e-01,-5.8980
0.01,2650,9.214710e+00,9.223700e+00,-0.0975,3.616940e+01,3.597000e+01,0.5544,1.554110e+04,1.549300e+04,0.3105,1.202120e+00,1.112300e+00,8.0752,4.237580e-04,4.241700e-04,-0.0971,6.574920e-01,7.019600e-01,-6.3348
0.01,2675,9.064040e+00,9.073700e+00,-0.1065,3.859810e+01,3.838500e+01,0.5552,1.647570e+04,1.642300e+04,0.3209,1.209030e+00,1.112400e+00,8.6866,4.129330e-04,4.133700e-04,-0.1057,6.601400e-01,7.083300e-01,-6.8033
0.01,2700,8.908060e+00,8.918300e+00,-0.1148,4.097250e+01,4.074900e+01,0.5485,1.747060e+04,1.741200e+04,0.3365,1.215930e+00,1.112600e+00,9.2873,4.020700e-04,4.025300e-04,-0.1143,6.625420e-01,7.147200e-01,-7.3005
0.01,2725,8.747920e+00,8.758700e+00,-0.1231,4.322240e+01,4.299200e+01,0.5359,1.852330e+04,1.845900e+04,0.3483,1.222610e+00,1.113100e+00,9.8383,3.912190e-04,3.917000e-04,-0.1228,6.646880e-01,7.210700e-01,-7.8192
0.01,2750,8.584980e+00,8.596300e+00,-0.1317,4.527370e+01,4.504300e+01,0.5122,1.963000e+04,1.956000e+04,0.3579,1.228850e+00,1.113600e+00,10.3493,3.804420e-04,3.809400e-04,-0.1307,6.665720e-01,7.273300e-01,-8.3536
0.01,2775,8.420740e+00,8.432500e+00,-0.1395,4.705580e+01,4.683300e+01,0.4757,2.078480e+04,2.070900e+04,0.3660,1.234460e+00,1.114400e+00,10.7735,3.698020e-04,3.703200e-04,-0.1399,6.681910e-01,7.334300e-01,-8.8951
0.01,2800,8.256800e+00,8.268900e+00,-0.1463,4.850740e+01,4.829900e+01,0.4315,2.198010e+04,2.189900e+04,0.3703,1.239260e+00,1.115300e+00,11.1145,3.593650e-04,3.598900e-04,-0.1459,6.695470e-01,7.393000e-01,-9.4350
0.01,2825,8.094730e+00,8.107000e+00,-0.1514,4.958200e+01,4.939700e+01,0.3745,2.320700e+04,2.312100e+04,0.3720,1.243130e+00,1.116400e+00,11.3517,3.491930e-04,3.497200e-04,-0.1507,6.706450e-01,7.448700e-01,-9.9648
0.01,2850,7.936020e+00,7.948400e+00,-0.1558,5.025110e+01,5.009500e+01,0.3116,2.445580e+04,2.436500e+04,0.3727,1.245980e+00,1.117600e+00,11.4871,3.393440e-04,3.398700e-04,-0.1548,6.714980e-01,7.500900e-01,-10.4777
0.01,2875,7.782000e+00,7.794400e+00,-0.1591,5.050480e+01,5.038500e+01,0.2378,2.571610e+04,2.562200e+04,0.3673,1.247790e+00,1.118900e+00,11.5193,3.298640e-04,3.303900e-04,-0.1592,6.721230e-01,7.549000e-01,-10.9653
0.01,2900,7.633820e+00,7.646000e+00,-0.1593,5.035130e+01,5.027000e+01,0.1617,2.697760e+04,2.688100e+04,0.3594,1.248580e+00,1.120300e+00,11.4505,3.207940e-04,3.213000e-04,-0.1575,6.725440e-01,7.592800e-01,-11.4235
0.01,2925,7.492360e+00,7.504300e+00,-0.1591,4.981380e+01,4.977400e+01,0.0800,2.823040e+04,2.813300e+04,0.3462,1.248420e+00,1.121900e+00,11.2773,3.121580e-04,3.126500e-04,-0.1574,6.727910e-01,7.632200e-01,-11.8484
0.01,2950,7.358300e+00,7.369900e+00,-0.1574,4.892870e+01,4.892900e+01,-0.0006,2.946540e+04,2.936700e+04,0.3351,1.247410e+00,1.123500e+00,11.0289,3.039750e-04,3.044500e-04,-0.1560,6.729010e-01,7.667200e-01,-12.2364
0.01,2975,7.232080e+00,7.243200e+00,-0.1535,4.774140e+01,4.777900e+01,-0.0787,3.067440e+04,3.057700e+04,0.3185,1.245660e+00,1.125200e+00,10.7057,2.962500e-04,2.967000e-04,-0.1517,6.729130e-01,7.698300e-01,-12.5894
0.01,3000,7.113930e+00,7.124600e+00,-0.1498,4.630410e+01,4.637600e+01,-0.1550,3.185040e+04,3.175400e+04,0.3036,1.243310e+00,1.127000e+00,10.3203,2.889820e-04,2.894100e-04,-0.1479,6.728690e-01,7.725700e-01,-12.9051
0.01,3025,7.003900e+00,7.014000e+00,-0.1440,4.467270e+01,4.477300e+01,-0.2240,3.298790e+04,3.289400e+04,0.2855,1.240490e+00,1.128900e+00,9.8848,2.821610e-04,2.825700e-04,-0.1447,6.728110e-01,7.750000e-01,-13.1857
0.01,3050,6.901890e+00,6.911400e+00,-0.1376,4.290400e+01,4.302700e+01,-0.2859,3.408290e+04,3.399100e+04,0.2704,1.237340e+00,1.130900e+00,9.4120,2.757720e-04,2.761500e-04,-0.1369,6.727810e-01,7.771800e-01,-13.4331
0.01,3075,6.807640e+00,6.816500e+00,-0.1300,4.105350e+01,4.119400e+01,-0.3411,3.513250e+04,3.504400e+04,0.2525,1.233990e+00,1.132900e+00,8.9231,2.697950e-04,2.701500e-04,-0.1314,6.728150e-01,7.791500e-01,-13.6476
0.01,3100,6.720810e+00,6.729100e+00,-0.1232,3.917310e+01,3.932500e+01,-0.3863,3.613530e+04,3.605100e+04,0.2338,1.230560e+00,1.135000e+00,8.4194,2.642060e-04,2.645300e-04,-0.1225,6.729450e-01,7.809800e-01,-13.8333
0.01,3125,6.640980e+00,6.648700e+00,-0.1161,3.730960e+01,3.746700e+01,-0.4201,3.709130e+04,3.701100e+04,0.2170,1.227140e+00,1.137000e+00,7.9279,2.589790e-04,2.592800e-04,-0.1161,6.731990e-01,7.827100e-01,-13.9913
0.01,3150,6.567670e+00,6.574900e+00,-0.1100,3.550330e+01,3.566200e+01,-0.4450,3.800130e+04,3.792500e+04,0.2012,1.223810e+00,1.139100e+00,7.4366,2.540870e-04,2.543600e-04,-0.1073,6.735960e-01,7.843900e-01,-14.1249
0.01,3175,6.500360e+00,6.507000e+00,-0.1020,3.378710e+01,3.394300e+01,-0.4593,3.886720e+04,3.879400e+04,0.1887,1.220640e+00,1.141100e+00,6.9705,2.495030e-04,2.497600e-04,-0.1029,6.741530e-01,7.860500e-01,-14.2354
0.01,3200,6.438530e+00,6.444700e+00,-0.0957,3.218610e+01,3.233600e+01,-0.4636,3.969160e+04,3.962300e+04,0.1731,1.217660e+00,1.143100e+00,6.5226,2.451990e-04,2.454300e-04,-0.0941,6.748790e-01,7.877200e-01,-14.3250
0.01,3225,6.381650e+00,6.387400e+00,-0.0900,3.071770e+01,3.085900e+01,-0.4579,4.047760e+04,4.041200e+04,0.1623,1.214890e+00,1.145000e+00,6.1039,2.411490e-04,2.413700e-04,-0.0916,6.757780e-01,7.894200e-01,-14.3956
0.01,3250,6.329200e+00,6.334500e+00,-0.0837,2.939190e+01,2.952200e+01,-0.4407,4.122870e+04,4.116700e+04,0.1499,1.212340e+00,1.146800e+00,5.7150,2.373270e-04,2.375300e-04,-0.0855,6.768530e-01,7.911600e-01,-14.4480
0.01,3275,6.280690e+00,6.285700e+00,-0.0797,2.821190e+01,2.833000e+01,-0.4169,4.194840e+04,4.189000e+04,0.1394,1.210020e+00,1.148500e+00,5.3566,2.337100e-04,2.338900e-04,-0.0770,6.780990e-01,7.929500e-01,-14.4840
0.01,3300,6.235660e+00,6.240300e+00,-0.0744,2.717450e+01,2.728100e+01,-0.3904,4.264040e+04,4.258400e+04,0.1324,1.207920e+00,1.150000e+00,5.0365,2.302770e-04,2.304500e-04,-0.0751,6.795140e-01,7.947900e-01,-14.5040
0.01,3325,6.193690e+00,6.198100e+00,-0.0712,2.627120e+01,2.636500e+01,-0.3558,4.330820e+04,4.325500e+04,0.1230,1.206030e+00,1.151300e+00,4.7538,2.270070e-04,2.271700e-04,-0.0718,6.810920e-01,7.966800e-01,-14.5087
0.01,3350,6.154400e+00,6.158500e+00,-0.0666,2.548850e+01,2.557000e+01,-0.3187,4.395500e+04,4.390400e+04,0.1162,1.204360e+00,1.152600e+00,4.4907,2.238840e-04,2.240300e-04,-0.0652,6.828250e-01,7.986200e-01,-14.4994
0.01,3375,6.117450e+00,6.121300e+00,-0.0629,2.480910e+01,2.488000e+01,-0.2850,4.458350e+04,4.453400e+04,0.1112,1.202900e+00,1.153700e+00,4.2645,2.208910e-04,2.210300e-04,-0.0629,6.847060e-01,8.006100e-01,-14.4770
0.01,3400,6.082570e+00,6.086200e+00,-0.0596,2.421220e+01,2.427400e+01,-0.2546,4.519610e+04,4.514800e+04,0.1065,1.201680e+00,1.154800e+00,4.0596,2.180170e-04,2.181500e-04,-0.0610,6.867280e-01,8.026300e-01,-14.4403
0.01,3425,6.049510e+00,6.053000e+00,-0.0577,2.367450e+01,2.372800e+01,-0.2255,4.579460e+04,4.574800e+04,0.1019,1.200700e+00,1.155900e+00,3.8758,2.152490e-04,2.153700e-04,-0.0562,6.888850e-01,8.047000e-01,-14.3923
0.01,3450,6.018110e+00,6.021400e+00,-0.0546,2.317110e+01,2.321800e+01,-0.2020,4.638020e+04,4.633500e+04,0.0976,1.200000e+00,1.157100e+00,3.7075,2.125800e-04,2.127000e-04,-0.0564,6.911700e-01,8.068000e-01,-14.3319
0.01,3475,5.988200e+00,5.991400e+00,-0.0534,2.267600e+01,2.272000e+01,-0.1937,4.695330e+04,4.690900e+04,0.0944,1.199590e+00,1.158400e+00,3.5558,2.100020e-04,2.101100e-04,-0.0514,6.935770e-01,8.089400e-01,-14.2610
0.01,3500,5.959720e+00,5.962800e+00,-0.0517,2.216400e+01,2.220600e+01,-0.1891,4.751380e+04,4.747100e+04,0.0902,1.199520e+00,1.159900e+00,3.4158,2.075100e-04,2.076200e-04,-0.0530,6.961020e-01,8.111000e-01,-14.1780
0.01,3525,5.932600e+00,5.935500e+00,-0.0489,2.161130e+01,2.165400e+01,-0.1972,4.806110e+04,4.801900e+04,0.0877,1.199820e+00,1.161800e+00,3.2725,2.051010e-04,2.052000e-04,-0.0482,6.987400e-01,8.133100e-01,-14.0869
0.01,3550,5.906830e+00,5.909700e+00,-0.0486,2.099760e+01,2.104300e+01,-0.2157,4.859390e+04,4.855300e+04,0.0842,1.200550e+00,1.164000e+00,3.1400,2.027720e-04,2.028700e-04,-0.0483,7.014870e-01,8.155700e-01,-13.9881
0.01,3575,5.882440e+00,5.885100e+00,-0.0452,2.030750e+01,2.035700e+01,-0.2432,4.911040e+04,4.907100e+04,0.0803,1.201750e+00,1.166800e+00,2.9954,2.005220e-04,2.006100e-04,-0.0439,7.043370e-01,8.178700e-01,-13.8815
0.01,3600,5.859450e+00,5.862000e+00,-0.0435,1.953230e+01,1.958800e+01,-0.2844,4.960850e+04,4.957000e+04,0.0777,1.203510e+00,1.170200e+00,2.8465,1.983520e-04,1.984400e-04,-0.0443,7.072880e-01,8.202400e-01,-13.7706
0.01,3625,5.837930e+00,5.840400e+00,-0.0423,1.867060e+01,1.873300e+01,-0.3331,5.008630e+04,5.005000e+04,0.0725,1.205920e+00,1.174200e+00,2.7014,1.962600e-04,1.963400e-04,-0.0407,7.103330e-01,8.226800e-01,-13.6562
0.01,3650,5.817910e+00,5.820200e+00,-0.0393,1.772990e+01,1.779900e+01,-0.3882,5.054140e+04,5.050600e+04,0.0701,1.209080e+00,1.179100e+00,2.5426,1.942480e-04,1.943200e-04,-0.0371,7.134670e-01,8.252100e-01,-13.5412
0.01,3675,5.799450e+00,5.801600e+00,-0.0371,1.672500e+01,1.680100e+01,-0.4524,5.097220e+04,5.093900e+04,0.0652,1.213100e+00,1.185000e+00,2.3713,1.923140e-04,1.923900e-04,-0.0395,7.166830e-01,8.278300e-01,-13.4263
0.01,3700,5.782550e+00,5.784600e+00,-0.0354,1.567740e+01,1.575800e+01,-0.5115,5.137730e+04,5.134600e+04,0.0610,1.218120e+00,1.191800e+00,2.2084,1.904580e-04,1.905200e-04,-0.0325,7.199740e-01,8.305500e-01,-13.3136
0.01,3725,5.767220e+00,5.769100e+00,-0.0326,1.461260e+01,1.469700e+01,-0.5743,5.175590e+04,5.172700e+04,0.0559,1.224260e+00,1.199800e+00,2.0387,1.886790e-04,1.887400e-04,-0.0323,7.233320e-01,8.333800e-01,-13.2050
0.01,3750,5.753430e+00,5.755200e+00,-0.0308,1.355730e+01,1.364300e+01,-0.6282,5.210800e+04,5.208100e+04,0.0518,1.231600e+00,1.209000e+00,1.8693,1.869720e-04,1.870300e-04,-0.0310,7.267470e-01,8.363300e-01,-13.1028
0.01,3775,5.741100e+00,5.742700e+00,-0.0279,1.253650e+01,1.262200e+01,-0.6774,5.243410e+04,5.240900e+04,0.0479,1.240230e+00,1.219400e+00,1.7082,1.853360e-04,1.853900e-04,-0.0291,7.302120e-01,8.393900e-01,-13.0068
0.01,3800,5.730170e+00,5.731700e+00,-0.0267,1.157110e+01,1.165400e+01,-0.7113,5.273530e+04,5.271200e+04,0.0442,1.250170e+00,1.231000e+00,1.5573,1.837660e-04,1.838100e-04,-0.0239,7.337190e-01,8.425600e-01,-12.9179
0.01,3825,5.720520e+00,5.721900e+00,-0.0241,1.067650e+01,1.075600e+01,-0.7391,5.301320e+04,5.299200e+04,0.0400,1.261370e+00,1.243800e+00,1.4126,1.822580e-04,1.823000e-04,-0.0230,7.372590e-01,8.458400e-01,-12.8371
0.01,3850,5.712040e+00,5.713300e+00,-0.0221,9.862420e+00,9.937200e+00,-0.7525,5.326980e+04,5.325100e+04,0.0353,1.273730e+00,1.257600e+00,1.2826,1.808060e-04,1.808400e-04,-0.0188,7.408250e-01,8.492200e-01,-12.7641
0.01,3875,5.704620e+00,5.705800e+00,-0.0207,9.132810e+00,9.202100e+00,-0.7530,5.350710e+04,5.349000e+04,0.0320,1.287100e+00,1.272400e+00,1.1553,1.794060e-04,1.794400e-04,-0.0189,7.444130e-01,8.526900e-01,-12.6983
0.01,3900,5.698130e+00,5.699200e+00,-0.0188,8.487220e+00,8.550800e+00,-0.7436,5.372710e+04,5.371200e+04,0.0281,1.301260e+00,1.287700e+00,1.0530,1.780530e-04,1.780800e-04,-0.0152,7.480150e-01,8.562500e-01,-12.6406
0.01,3925,5.692470e+00,5.693400e+00,-0.0163,7.921810e+00,7.979600e+00,-0.7242,5.393210e+04,5.391800e+04,0.0262,1.315950e+00,1.303500e+00,0.9551,1.767430e-04,1.767700e-04,-0.0153,7.516290e-01,8.598800e-01,-12.5891
0.01,3950,5.687520e+00,5.688400e+00,-0.0155,7.430630e+00,7.482800e+00,-0.6972,5.412380e+04,5.411100e+04,0.0237,1.330920e+00,1.319500e+00,0.8655,1.754720e-04,1.755000e-04,-0.0160,7.552510e-01,8.635700e-01,-12.5432
0.01,3975,5.683200e+00,5.684000e+00,-0.0141,7.006570e+00,7.053400e+00,-0.6639,5.430420e+04,5.429300e+04,0.0206,1.345880e+00,1.335400e+00,0.7848,1.742360e-04,1.742600e-04,-0.0138,7.588780e-01,8.673300e-01,-12.5041
0.1,200,2.199600e+01,2.199600e+01,0.0000,1.511860e+00,1.511900e+00,-0.0026,-7.246370e+03,-7.246500e+03,0.0018,1.333370e+00,1.333400e+00,-0.0022,1.340280e-01,1.340300e-01,-0.0015,9.196210e-02,8.688100e-02,5.8483
0.1,225,2.199600e+01,2.199600e+01,0.0000,1.533550e+00,1.533600e+00,-0.0033,-7.208310e+03,-7.208400e+03,0.0012,1.327120e+00,1.327100e+00,0.0015,1.191360e-01,1.191300e-01,0.0050,1.024210e-01,9.666300e-02,5.9568
0.1,250,2.199600e+01,2.199600e+01,0.0000,1.559690e+00,1.559700e+00,-0.0006,-7.169660e+03,-7.169800e+03,0.0020,1.319890e+00,1.319900e+00,-0.0008,1.072220e-01,1.072200e-01,0.0019,1.127750e-01,1.064500e-01,5.9418
0.1,275,2.199600e+01,2.199600e+01,0.0000,1.592320e+00,1.592300e+00,0.0013,-7.130270e+03,-7.130400e+03,0.0018,1.311310e+00,1.311300e+00,0.0008,9.747480e-02,9.747300e-02,0.0018,1.230010e-01,1.161500e-01,5.8984
0.1,300,2.199580e+01,2.199600e+01,-0.0009,1.631890e+00,1.631900e+00,-0.0006,-7.089980e+03,-7.090100e+03,0.0017,1.301560e+00,1.301600e+00,-0.0031,8.935140e-02,8.935000e-02,0.0016,1.330750e-01,1.257200e-01,5.8503
0.1,325,2.199540e+01,2.199500e+01,0.0018,1.678940e+00,1.678900e+00,0.0024,-7.048610e+03,-7.048700e+03,0.0013,1.290890e+00,1.290900e+00,-0.0008,8.247650e-02,8.247500e-02,0.0018,1.432660e-01,1.351400e-01,6.0130
0.1,350,2.199410e+01,2.199400e+01,0.0005,1.735100e+00,1.735000e+00,0.0058,-7.005960e+03,-7.006100e+03,0.0020,1.279420e+00,1.279400e+00,0.0016,7.658100e-02,7.658000e-02,0.0013,1.533240e-01,1.443800e-01,6.1948
0.1,375,2.199110e+01,2.199100e+01,0.0005,1.803830e+00,1.803700e+00,0.0072,-6.961750e+03,-6.961900e+03,0.0022,1.267170e+00,1.267100e+00,0.0055,7.146570e-02,7.146500e-02,0.0010,1.632310e-01,1.534500e-01,6.3741
0.1,400,2.198460e+01,2.198400e+01,0.0027,1.890950e+00,1.890600e+00,0.0185,-6.915620e+03,-6.915800e+03,0.0026,1.254090e+00,1.253800e+00,0.0231,6.697920e-02,6.697800e-02,0.0018,1.729680e-01,1.623400e-01,6.5468
0.1,425,2.197180e+01,2.197200e+01,-0.0009,2.004910e+00,2.004200e+00,0.0354,-6.866980e+03,-6.867100e+03,0.0017,1.240220e+00,1.239600e+00,0.0500,6.300250e-02,6.300200e-02,0.0008,1.825120e-01,1.710700e-01,6.6885
0.1,450,2.194860e+01,2.194900e+01,-0.0018,2.156710e+00,2.155400e+00,0.0608,-6.815050e+03,-6.815200e+03,0.0022,1.225800e+00,1.224600e+00,0.0980,5.943970e-02,5.944000e-02,-0.0005,1.918290e-01,1.796400e-01,6.7852
0.1,475,2.190960e+01,2.191000e+01,-0.0018,2.359580e+00,2.357300e+00,0.0967,-6.758720e+03,-6.758900e+03,0.0027,1.211360e+00,1.209200e+00,0.1786,5.621130e-02,5.621200e-02,-0.0012,2.008750e-01,1.880900e-01,6.7973
0.1,500,2.184790e+01,2.184900e+01,-0.0050,2.628650e+00,2.625200e+00,0.1314,-6.696520e+03,-6.696800e+03,0.0042,1.197590e+00,1.193900e+00,0.3091,5.325030e-02,5.325200e-02,-0.0032,2.095940e-01,1.964300e-01,6.7016
0.1,525,2.175550e+01,2.175700e+01,-0.0069,2.982080e+00,2.977000e+00,0.1706,-6.626590e+03,-6.627000e+03,0.0062,1.185080e+00,1.179200e+00,0.4986,5.050010e-02,5.050300e-02,-0.0057,2.176380e-01,2.046800e-01,6.3309
0.1,550,2.162370e+01,2.162600e+01,-0.0106,3.446770e+00,3.439500e+00,0.2114,-6.546500e+03,-6.547100e+03,0.0092,1.174070e+00,1.165200e+00,0.7612,4.791260e-02,4.791700e-02,-0.0092,2.251940e-01,2.128600e-01,5.7944
0.1,575,2.144270e+01,2.144600e+01,-0.0154,4.074120e+00,4.063700e+00,0.2564,-6.452910e+03,-6.453700e+03,0.0122,1.164360e+00,1.151700e+00,1.0992,4.544590e-02,4.545200e-02,-0.0134,2.322250e-01,2.209900e-01,5.0839
0.1,600,2.119960e+01,2.120400e+01,-0.0208,4.969050e+00,4.953400e+00,0.3159,-6.340590e+03,-6.341700e+03,0.0175,1.155870e+00,1.138200e+00,1.5525,4.305840e-02,4.306700e-02,-0.0200,2.387410e-01,2.290900e-01,4.2128
0.1,625,2.087330e+01,2.087900e+01,-0.0273,6.315460e+00,6.290700e+00,0.3936,-6.200710e+03,-6.202300e+03,0.0256,1.149700e+00,1.125200e+00,2.1774,4.069990e-02,4.071100e-02,-0.0273,2.446430e-01,2.372300e-01,3.1248
0.1,650,2.043100e+01,2.043900e+01,-0.0391,8.339440e+00,8.300400e+00,0.4703,-6.019140e+03,-6.021500e+03,0.0392,1.148720e+00,1.114300e+00,3.0889,3.830530e-02,3.832000e-02,-0.0384,2.502140e-01,2.455200e-01,1.9119
0.1,675,1.983300e+01,1.984400e+01,-0.0554,1.116320e+01,1.110600e+01,0.5150,-5.777000e+03,-5.780600e+03,0.0623,1.155660e+00,1.107000e+00,4.3957,3.580700e-02,3.582700e-02,-0.0558,2.556240e-01,2.540700e-01,0.6116
0.1,700,1.905380e+01,1.906900e+01,-0.0797,1.464620e+01,1.457200e+01,0.5092,-5.455400e+03,-5.460600e+03,0.0952,1.170600e+00,1.103600e+00,6.0710,3.317160e-02,3.319800e-02,-0.0795,2.611190e-01,2.629800e-01,-0.7077
0.1,725,1.810670e+01,1.812500e+01,-0.1010,1.831590e+01,1.823500e+01,0.4437,-5.043020e+03,-5.050200e+03,0.1422,1.190450e+00,1.103500e+00,7.8795,3.043560e-02,3.046700e-02,-0.1031,2.670990e-01,2.721900e-01,-1.8704
0.1,750,1.705660e+01,1.707700e+01,-0.1195,2.130200e+01,2.123500e+01,0.3155,-4.545170e+03,-4.554300e+03,0.2005,1.209510e+00,1.105800e+00,9.3787,2.771490e-02,2.774900e-02,-0.1229,2.740760e-01,2.814900e-01,-2.6338
0.1,775,1.601500e+01,1.603600e+01,-0.1310,2.233270e+01,2.231400e+01,0.0838,-3.994210e+03,-4.004500e+03,0.2570,1.220430e+00,1.110400e+00,9.9090,2.518300e-02,2.521500e-02,-0.1269,2.823930e-01,2.905500e-01,-2.8074
0.1,800,1.511400e+01,1.513200e+01,-0.1190,2.023010e+01,2.028900e+01,-0.2903,-3.455030e+03,-3.464800e+03,0.2820,1.217220e+00,1.117500e+00,8.9235,2.302350e-02,2.305000e-02,-0.1150,2.917640e-01,2.990500e-01,-2.4364
0.1,825,1.445880e+01,1.447100e+01,-0.0843,1.521620e+01,1.533600e+01,-0.7812,-3.007710e+03,-3.015100e+03,0.2451,1.202250e+00,1.128800e+00,6.5069,2.135800e-02,2.137600e-02,-0.0842,3.011780e-01,3.068200e-01,-1.8389
0.1,850,1.407230e+01,1.407900e+01,-0.0476,9.693160e+00,9.807500e+00,-1.1658,-2.698460e+03,-2.702800e+03,0.1606,1.191210e+00,1.148000e+00,3.7639,2.017570e-02,2.018500e-02,-0.0461,3.096350e-01,3.139100e-01,-1.3619
0.1,875,1.388580e+01,1.388900e+01,-0.0230,5.993080e+00,6.063100e+00,-1.1549,-2.507060e+03,-2.509100e+03,0.0813,1.199190e+00,1.177400e+00,1.8507,1.933950e-02,1.934400e-02,-0.0233,3.169670e-01,3.205100e-01,-1.1054
0.1,900,1.380670e+01,1.380800e+01,-0.0094,4.214390e+00,4.252000e+00,-0.8845,-2.382570e+03,-2.383300e+03,0.0306,1.219770e+00,1.209400e+00,0.8574,1.869520e-02,1.869700e-02,-0.0096,3.235810e-01,3.268300e-01,-0.9941
0.1,925,1.377460e+01,1.377500e+01,-0.0029,3.491920e+00,3.518200e+00,-0.7470,-2.287650e+03,-2.287600e+03,-0.0022,1.236330e+00,1.231000e+00,0.4330,1.814760e-02,1.814800e-02,-0.0022,3.298430e-01,3.330000e-01,-0.9480
0.1,950,1.376130e+01,1.376100e+01,0.0022,3.229510e+00,3.260100e+00,-0.9383,-2.204240e+03,-2.203500e+03,-0.0336,1.243500e+00,1.239800e+00,0.2984,1.765290e-02,1.765200e-02,0.0051,3.359350e-01,3.390600e-01,-0.9217
0.1,975,1.375460e+01,1.375300e+01,0.0116,3.201810e+00,3.250900e+00,-1.5100,-2.124300e+03,-2.122600e+03,-0.0801,1.242440e+00,1.238200e+00,0.3424,1.719190e-02,1.719000e-02,0.0111,3.419300e-01,3.450700e-01,-0.9100
0.1,1000,1.374540e+01,1.374200e+01,0.0247,3.533000e+00,3.651000e+00,-3.2320,-2.041320e+03,-2.037800e+03,-0.1727,1.228910e+00,1.220700e+00,0.6726,1.675100e-02,1.674700e-02,0.0239,3.478410e-01,3.511100e-01,-0.9310
0.1,1025,1.371390e+01,1.370300e+01,0.0795,4.815970e+00,5.339400e+00,-9.8032,-1.939600e+03,-1.929200e+03,-0.5391,1.202670e+00,1.182500e+00,1.7057,1.630500e-02,1.629200e-02,0.0798,3.533960e-01,3.575800e-01,-1.1701
0.1,1050,1.362800e+01,1.359200e+01,0.2649,6.918700e+00,7.925600e+00,-12.7044,-1.793050e+03,-1.762300e+03,-1.7449,1.190720e+00,1.159100e+00,2.7280,1.581710e-02,1.577500e-02,0.2669,3.587150e-01,3.652800e-01,-1.7973
0.1,1075,1.348680e+01,1.342100e+01,0.4903,8.448760e+00,9.320900e+00,-9.3568,-1.599010e+03,-1.543900e+03,-3.5695,1.192380e+00,1.153900e+00,3.3348,1.528910e-02,1.521500e-02,0.4870,3.638000e-01,3.741100e-01,-2.7559
0.1,1100,1.331770e+01,1.323000e+01,0.6629,9.162290e+00,9.745000e+00,-5.9796,-1.377520e+03,-1.304300e+03,-5.6137,1.196040e+00,1.154300e+00,3.6160,1.475430e-02,1.465800e-02,0.6570,3.687490e-01,3.834100e-01,-3.8238
0.1,1125,1.314220e+01,1.304200e+01,0.7683,9.384870e+00,9.709300e+00,-3.3414,-1.144950e+03,-1.060500e+03,-7.9632,1.198850e+00,1.156500e+00,3.6619,1.423630e-02,1.412800e-02,0.7666,3.736390e-01,3.927700e-01,-4.8708
0.1,1150,1.297150e+01,1.286500e+01,0.8278,9.356080e+00,9.458900e+00,-1.0870,-9.103440e+02,-8.205700e+02,-10.9404,1.200420e+00,1.159200e+00,3.5559,1.374590e-02,1.363300e-02,0.8281,3.785190e-01,4.019700e-01,-5.8340
0.1,1175,1.281070e+01,1.270400e+01,0.8399,9.224530e+00,9.125900e+00,1.0808,-6.779920e+02,-5.881900e+02,-15.2675,1.200640e+00,1.161800e+00,3.3431,1.328670e-02,1.317600e-02,0.8402,3.834160e-01,4.108600e-01,-6.6796
0.1,1200,1.266170e+01,1.255800e+01,0.8258,9.095030e+00,8.798500e+00,3.3702,-4.490940e+02,-3.642200e+02,-23.3029,1.199330e+00,1.163700e+00,3.0618,1.285850e-02,1.275400e-02,0.8194,3.883510e-01,4.193400e-01,-7.3899
0.1,1225,1.252380e+01,1.242800e+01,0.7708,9.050910e+00,8.544100e+00,5.9317,-2.225250e+02,-1.476500e+02,-50.7111,1.196310e+00,1.164300e+00,2.7493,1.245890e-02,1.236400e-02,0.7676,3.933380e-01,4.273300e-01,-7.9545
0.1,1250,1.239500e+01,1.231000e+01,0.6905,9.162540e+00,8.417700e+00,8.8485,4.751980e+00,6.405600e+01,-92.5815,1.191530e+00,1.163100e+00,2.4443,1.208420e-02,1.200200e-02,0.6849,3.983870e-01,4.347500e-01,-8.3641
0.1,1275,1.227240e+01,1.220300e+01,0.5687,9.488900e+00,8.466800e+00,12.0719,2.373950e+02,2.747000e+02,-13.5803,1.185240e+00,1.159800e+00,2.1935,1.173010e-02,1.166300e-02,0.5753,4.035100e-01,4.415200e-01,-8.6089
0.1,1300,1.215230e+01,1.210100e+01,0.4239,1.007290e+01,8.732700e+00,15.3469,4.813520e+02,4.892100e+02,-1.6063,1.178140e+00,1.154300e+00,2.0653,1.139200e-02,1.134400e-02,0.4231,4.087140e-01,4.475300e-01,-8.6734
0.1,1325,1.203100e+01,1.200300e+01,0.2333,1.092710e+01,9.249600e+00,18.1359,7.433080e+02,7.134300e+02,4.1879,1.171240e+00,1.147200e+00,2.0955,1.106540e-02,1.104000e-02,0.2301,4.140090e-01,4.526900e-01,-8.5447
0.1,1350,1.190490e+01,1.190400e+01,0.0076,1.200310e+01,1.003800e+01,19.5766,1.029590e+03,9.539500e+02,7.9291,1.165600e+00,1.139400e+00,2.2995,1.074670e-02,1.074600e-02,0.0065,4.193980e-01,4.568600e-01,-8.1999
0.1,1375,1.177220e+01,1.180000e+01,-0.2356,1.313850e+01,1.108500e+01,18.5250,1.344010e+03,1.217500e+03,10.3910,1.161950e+00,1.131900e+00,2.6548,1.043360e-02,1.045900e-02,-0.2429,4.248730e-01,4.599600e-01,-7.6283
0.1,1400,1.163380e+01,1.169000e+01,-0.4808,1.399510e+01,1.230300e+01,13.7536,1.684240e+03,1.509700e+03,11.5612,1.160480e+00,1.125600e+00,3.0988,1.012690e-02,1.017600e-02,-0.4825,4.304110e-01,4.619400e-01,-6.8253
0.1,1425,1.149560e+01,1.157100e+01,-0.6516,1.407130e+01,1.344100e+01,4.6894,2.037250e+03,1.832100e+03,11.1975,1.160980e+00,1.121600e+00,3.5111,9.831050e-03,9.895600e-03,-0.6523,4.359650e-01,4.628900e-01,-5.8167
0.1,1450,1.136820e+01,1.144800e+01,-0.6971,1.296820e+01,1.397500e+01,-7.2043,2.377800e+03,2.176800e+03,9.2337,1.163590e+00,1.121100e+00,3.7900,9.554450e-03,9.621100e-03,-0.6927,4.414670e-01,4.631500e-01,-4.6816
0.1,1475,1.126290e+01,1.132900e+01,-0.5835,1.087780e+01,1.316800e+01,-17.3922,2.677220e+03,2.519500e+03,6.2600,1.169900e+00,1.126200e+00,3.8803,9.305530e-03,9.359800e-03,-0.5798,4.468570e-01,4.634500e-01,-3.5803
0.1,1500,1.118510e+01,1.122900e+01,-0.3910,8.601830e+00,1.083600e+01,-20.6180,2.920200e+03,2.822000e+03,3.4798,1.181940e+00,1.140100e+00,3.6699,9.087190e-03,9.122900e-03,-0.3914,4.521160e-01,4.647100e-01,-2.7101
0.1,1525,1.113160e+01,1.115800e+01,-0.2366,6.813130e+00,8.145000e+00,-16.3520,3.111550e+03,3.058400e+03,1.7378,1.198950e+00,1.164100e+00,2.9937,8.895510e-03,8.916700e-03,-0.2376,4.572640e-01,4.674400e-01,-2.1770
0.1,1550,1.109570e+01,1.111300e+01,-0.1557,5.642140e+00,6.262100e+00,-9.9002,3.266080e+03,3.236400e+03,0.9171,1.216910e+00,1.192100e+00,2.0812,8.723820e-03,8.737000e-03,-0.1509,4.623350e-01,4.713600e-01,-1.9147
0.1,1575,1.107120e+01,1.108300e+01,-0.1065,4.929380e+00,5.216900e+00,-5.5113,3.397470e+03,3.378500e+03,0.5615,1.232150e+00,1.215700e+00,1.3531,8.566380e-03,8.575500e-03,-0.1063,4.673560e-01,4.759300e-01,-1.8015
0.1,1600,1.105390e+01,1.106300e+01,-0.0823,4.497910e+00,4.652900e+00,-3.3310,3.514880e+03,3.501200e+03,0.3907,1.243430e+00,1.232100e+00,0.9196,8.419340e-03,8.426200e-03,-0.0814,4.723420e-01,4.807700e-01,-1.7530
0.1,1625,1.104130e+01,1.104900e+01,-0.0697,4.230310e+00,4.329800e+00,-2.2978,3.623720e+03,3.613100e+03,0.2939,1.251150e+00,1.242800e+00,0.6719,8.280330e-03,8.285700e-03,-0.0648,4.773030e-01,4.857200e-01,-1.7329
0.1,1650,1.103170e+01,1.103800e+01,-0.0571,4.059570e+00,4.131500e+00,-1.7410,3.727190e+03,3.718700e+03,0.2283,1.256190e+00,1.249700e+00,0.5193,8.147830e-03,8.152200e-03,-0.0536,4.822420e-01,4.907100e-01,-1.7257
0.1,1675,1.102440e+01,1.102900e+01,-0.0417,3.948770e+00,4.004100e+00,-1.3818,3.827200e+03,3.820300e+03,0.1806,1.259310e+00,1.254100e+00,0.4154,8.020860e-03,8.024400e-03,-0.0441,4.871630e-01,4.957100e-01,-1.7242
0.1,1700,1.101850e+01,1.102300e+01,-0.0408,3.877280e+00,3.921100e+00,-1.1175,3.924950e+03,3.919300e+03,0.1442,1.261020e+00,1.256700e+00,0.3438,7.898710e-03,7.901600e-03,-0.0366,4.920650e-01,5.007100e-01,-1.7265
0.1,1725,1.101370e+01,1.101700e+01,-0.0300,3.833170e+00,3.868400e+00,-0.9107,4.021290e+03,4.016600e+03,0.1168,1.261700e+00,1.258200e+00,0.2782,7.780860e-03,7.783300e-03,-0.0313,4.969500e-01,5.056900e-01,-1.7283
0.1,1750,1.100980e+01,1.101300e+01,-0.0291,3.809260e+00,3.837700e+00,-0.7411,4.116780e+03,4.112900e+03,0.0943,1.261590e+00,1.258600e+00,0.2376,7.666930e-03,7.668900e-03,-0.0257,5.018190e-01,5.106700e-01,-1.7332
0.1,1775,1.100630e+01,1.100900e+01,-0.0245,3.801090e+00,3.824100e+00,-0.6017,4.211880e+03,4.208600e+03,0.0779,1.260840e+00,1.258400e+00,0.1939,7.556570e-03,7.558300e-03,-0.0229,5.066720e-01,5.156400e-01,-1.7392
0.1,1800,1.100320e+01,1.100500e+01,-0.0164,3.805850e+00,3.824600e+00,-0.4902,4.306940e+03,4.304200e+03,0.0637,1.259560e+00,1.257400e+00,0.1718,7.449530e-03,7.451000e-03,-0.0197,5.115110e-01,5.205900e-01,-1.7440
0.1,1825,1.100030e+01,1.100200e+01,-0.0155,3.821760e+00,3.836900e+00,-0.3946,4.402270e+03,4.400000e+03,0.0516,1.257840e+00,1.256000e+00,0.1465,7.345560e-03,7.346800e-03,-0.0169,5.163350e-01,5.255300e-01,-1.7497
0.1,1850,1.099760e+01,1.099900e+01,-0.0127,3.847740e+00,3.860000e+00,-0.3176,4.498110e+03,4.496100e+03,0.0447,1.255730e+00,1.254100e+00,0.1300,7.244470e-03,7.245500e-03,-0.0142,5.211450e-01,5.304600e-01,-1.7560
0.1,1875,1.099480e+01,1.099600e+01,-0.0109,3.883210e+00,3.893000e+00,-0.2515,4.594730e+03,4.593000e+03,0.0377,1.253270e+00,1.251700e+00,0.1254,7.146070e-03,7.147000e-03,-0.0130,5.259410e-01,5.353900e-01,-1.7649
0.1,1900,1.099190e+01,1.099300e+01,-0.0100,3.927950e+00,3.935700e+00,-0.1969,4.692350e+03,4.690900e+03,0.0309,1.250490e+00,1.249000e+00,0.1193,7.050200e-03,7.051000e-03,-0.0113,5.307240e-01,5.403000e-01,-1.7723
0.1,1925,1.098890e+01,1.099000e+01,-0.0100,3.981990e+00,3.988000e+00,-0.1507,4.791210e+03,4.789900e+03,0.0273,1.247420e+00,1.246000e+00,0.1140,6.956710e-03,6.957400e-03,-0.0099,5.354960e-01,5.452000e-01,-1.7799
0.1,1950,1.098550e+01,1.098700e+01,-0.0137,4.045600e+00,4.050100e+00,-0.1111,4.891530e+03,4.890400e+03,0.0231,1.244090e+00,1.242600e+00,0.1199,6.865450e-03,6.866100e-03,-0.0095,5.402550e-01,5.500900e-01,-1.7879
0.1,1975,1.098190e+01,1.098300e+01,-0.0100,4.119210e+00,4.122300e+00,-0.0750,4.993570e+03,4.992500e+03,0.0214,1.240520e+00,1.239000e+00,0.1227,6.776290e-03,6.776900e-03,-0.0090,5.450020e-01,5.549800e-01,-1.7979
0.1,2000,1.097780e+01,1.097900e+01,-0.0109,4.203390e+00,4.205200e+00,-0.0430,5.097580e+03,5.096600e+03,0.0192,1.236730e+00,1.235100e+00,0.1320,6.689110e-03,6.689700e-03,-0.0088,5.497390e-01,5.598600e-01,-1.8078
0.1,2025,1.097330e+01,1.097400e+01,-0.0064,4.298830e+00,4.299500e+00,-0.0156,5.203830e+03,5.202800e+03,0.0198,1.232750e+00,1.231000e+00,0.1422,6.603780e-03,6.604300e-03,-0.0079,5.543010e-01,5.647400e-01,-1.8485
0.1,2050,1.096810e+01,1.096900e+01,-0.0082,4.406330e+00,4.405900e+00,0.0098,5.312620e+03,5.311600e+03,0.0192,1.228610e+00,1.226600e+00,0.1639,6.520190e-03,6.520700e-03,-0.0078,5.588500e-01,5.696100e-01,-1.8890
0.1,2075,1.096230e+01,1.096300e+01,-0.0064,4.526770e+00,4.525200e+00,0.0347,5.424260e+03,5.423200e+03,0.0195,1.224340e+00,1.222100e+00,0.1833,6.438220e-03,6.438700e-03,-0.0075,5.633860e-01,5.744800e-01,-1.9311
0.1,2100,1.095570e+01,1.095700e+01,-0.0119,4.661130e+00,4.658500e+00,0.0565,5.539080e+03,5.538000e+03,0.0195,1.219980e+00,1.217500e+00,0.2037,6.357760e-03,6.358300e-03,-0.0085,5.679090e-01,5.793500e-01,-1.9748
0.1,2125,1.094830e+01,1.094900e+01,-0.0064,4.810460e+00,4.806700e+00,0.0782,5.657440e+03,5.656300e+03,0.0202,1.215570e+00,1.212700e+00,0.2367,6.278710e-03,6.279200e-03,-0.0078,5.724210e-01,5.842200e-01,-2.0196
0.1,2150,1.094000e+01,1.094100e+01,-0.0091,4.975880e+00,4.971000e+00,0.0982,5.779730e+03,5.778500e+03,0.0213,1.211130e+00,1.207800e+00,0.2757,6.200960e-03,6.201500e-03,-0.0087,5.769220e-01,5.890900e-01,-2.0656
0.1,2175,1.093050e+01,1.093100e+01,-0.0046,5.158580e+00,5.152500e+00,0.1180,5.906380e+03,5.905000e+03,0.0234,1.206710e+00,1.203000e+00,0.3084,6.124400e-03,6.124900e-03,-0.0082,5.814120e-01,5.939600e-01,-2.1126
0.1,2200,1.091990e+01,1.092100e+01,-0.0101,5.359820e+00,5.352400e+00,0.1386,6.037820e+03,6.036300e+03,0.0252,1.202360e+00,1.198100e+00,0.3556,6.048930e-03,6.049500e-03,-0.0094,5.858920e-01,5.988400e-01,-2.1622
0.1,2225,1.090800e+01,1.090900e+01,-0.0092,5.580910e+00,5.572100e+00,0.1581,6.174530e+03,6.172800e+03,0.0280,1.198110e+00,1.193200e+00,0.4115,5.974460e-03,5.975000e-03,-0.0090,5.903630e-01,6.037200e-01,-2.2124
0.1,2250,1.089470e+01,1.089600e+01,-0.0119,5.823230e+00,5.813000e+00,0.1760,6.317040e+03,6.315000e+03,0.0323,1.193990e+00,1.188400e+00,0.4704,5.900870e-03,5.901400e-03,-0.0090,5.948230e-01,6.086100e-01,-2.2653
0.1,2275,1.087990e+01,1.088100e+01,-0.0101,6.088220e+00,6.076400e+00,0.1945,6.465880e+03,6.463600e+03,0.0353,1.190050e+00,1.183700e+00,0.5365,5.828070e-03,5.828700e-03,-0.0108,5.992740e-01,6.135200e-01,-2.3220
0.1,2300,1.086330e+01,1.086500e+01,-0.0156,6.377370e+00,6.363900e+00,0.2117,6.621650e+03,6.619100e+03,0.0385,1.186320e+00,1.179200e+00,0.6038,5.755960e-03,5.756600e-03,-0.0111,6.037170e-01,6.184300e-01,-2.3791
0.1,2325,1.084500e+01,1.084600e+01,-0.0092,6.692250e+00,6.677000e+00,0.2284,6.784970e+03,6.782000e+03,0.0438,1.182830e+00,1.174700e+00,0.6921,5.684450e-03,5.685100e-03,-0.0114,6.081500e-01,6.233700e-01,-2.4416
0.1,2350,1.082470e+01,1.082600e+01,-0.0120,7.034460e+00,7.017200e+00,0.2460,6.956490e+03,6.953100e+03,0.0488,1.179610e+00,1.170500e+00,0.7783,5.613430e-03,5.614200e-03,-0.0137,6.125750e-01,6.283100e-01,-2.5043
0.1,2375,1.080220e+01,1.080400e+01,-0.0167,7.405700e+00,7.386300e+00,0.2626,7.136930e+03,7.133100e+03,0.0537,1.176680e+00,1.166400e+00,0.8813,5.542820e-03,5.543600e-03,-0.0141,6.169900e-01,6.332800e-01,-2.5723
0.1,2400,1.077750e+01,1.077900e+01,-0.0139,7.807700e+00,7.786000e+00,0.2787,7.327030e+03,7.322700e+03,0.0591,1.174050e+00,1.162500e+00,0.9935,5.472520e-03,5.473400e-03,-0.0161,6.213950e-01,6.382700e-01,-2.6439
0.1,2425,1.075030e+01,1.075200e+01,-0.0158,8.242290e+00,8.218200e+00,0.2931,7.527590e+03,7.522700e+03,0.0650,1.171760e+00,1.158800e+00,1.1184,5.402440e-03,5.403400e-03,-0.0178,6.257910e-01,6.432900e-01,-2.7202
0.1,2450,1.072050e+01,1.072300e+01,-0.0233,8.711350e+00,8.684500e+00,0.3092,7.739430e+03,7.733900e+03,0.0715,1.169820e+00,1.155300e+00,1.2568,5.332480e-03,5.333500e-03,-0.0191,6.301750e-01,6.483400e-01,-2.8018
0.1,2475,1.068790e+01,1.069000e+01,-0.0196,9.216850e+00,9.187100e+00,0.3238,7.963460e+03,7.957200e+03,0.0787,1.168230e+00,1.152100e+00,1.4001,5.262570e-03,5.263600e-03,-0.0196,6.345460e-01,6.534100e-01,-2.8870
0.1,2500,1.065230e+01,1.065500e+01,-0.0253,9.760840e+00,9.728000e+00,0.3376,8.200600e+03,8.193600e+03,0.0854,1.167000e+00,1.149000e+00,1.5666,5.192610e-03,5.193800e-03,-0.0229,6.389030e-01,6.585200e-01,-2.9790
0.1,2525,1.061360e+01,1.061600e+01,-0.0226,1.034550e+01,1.030900e+01,0.3541,8.451840e+03,8.444000e+03,0.0928,1.166150e+00,1.146200e+00,1.7405,5.122520e-03,5.123800e-03,-0.0250,6.432430e-01,6.636600e-01,-3.0764
0.1,2550,1.057160e+01,1.057400e+01,-0.0227,1.097300e+01,1.093300e+01,0.3659,8.718230e+03,8.709400e+03,0.1014,1.165680e+00,1.143600e+00,1.9307,5.052230e-03,5.053600e-03,-0.0271,6.475650e-01,6.688500e-01,-3.1823
0.1,2575,1.052610e+01,1.052900e+01,-0.0275,1.164570e+01,1.160200e+01,0.3767,9.000860e+03,8.991000e+03,0.1097,1.165590e+00,1.141100e+00,2.1462,4.981650e-03,4.983100e-03,-0.0291,6.518640e-01,6.740800e-01,-3.2958
0.1,2600,1.047700e+01,1.048000e+01,-0.0286,1.236610e+01,1.231800e+01,0.3905,9.300910e+03,9.289900e+03,0.1185,1.165900e+00,1.138900e+00,2.3707,4.910710e-03,4.912300e-03,-0.0324,6.561370e-01,6.793500e-01,-3.4169
0.1,2625,1.042400e+01,1.042800e+01,-0.0384,1.313650e+01,1.308400e+01,0.4013,9.619590e+03,9.607300e+03,0.1279,1.166590e+00,1.136900e+00,2.6115,4.839350e-03,4.841000e-03,-0.0341,6.603800e-01,6.846800e-01,-3.5491
0.1,2650,1.036700e+01,1.037100e+01,-0.0386,1.395970e+01,1.390200e+01,0.4150,9.958180e+03,9.944500e+03,0.1376,1.167670e+00,1.135100e+00,2.8694,4.767490e-03,4.769300e-03,-0.0380,6.645870e-01,6.900500e-01,-3.6900
0.1,2675,1.030590e+01,1.031000e+01,-0.0398,1.483820e+01,1.477500e+01,0.4277,1.031800e+04,1.030300e+04,0.1456,1.169160e+00,1.133400e+00,3.1551,4.695090e-03,4.697000e-03,-0.0407,6.687520e-01,6.954900e-01,-3.8445
0.1,2700,1.024040e+01,1.024500e+01,-0.0449,1.577450e+01,1.570500e+01,0.4425,1.070060e+04,1.068400e+04,0.1554,1.171030e+00,1.131900e+00,3.4570,4.622070e-03,4.624200e-03,-0.0461,6.728690e-01,7.009800e-01,-4.0102
0.1,2725,1.017050e+01,1.017600e+01,-0.0540,1.677090e+01,1.669500e+01,0.4546,1.110730e+04,1.108900e+04,0.1650,1.173310e+00,1.130600e+00,3.7776,4.548410e-03,4.550600e-03,-0.0481,6.769310e-01,7.065400e-01,-4.1907
0.1,2750,1.009610e+01,1.010200e+01,-0.0584,1.782940e+01,1.774700e+01,0.4643,1.153960e+04,1.151900e+04,0.1788,1.175980e+00,1.129400e+00,4.1243,4.474060e-03,4.476400e-03,-0.0523,6.809280e-01,7.121700e-01,-4.3869
0.1,2775,1.001690e+01,1.002300e+01,-0.0609,1.895150e+01,1.886100e+01,0.4798,1.199930e+04,1.197600e+04,0.1946,1.179050e+00,1.128400e+00,4.4887,4.398990e-03,4.401500e-03,-0.0570,6.848540e-01,7.178700e-01,-4.5992
0.1,2800,9.933000e+00,9.939300e+00,-0.0634,2.013780e+01,2.003900e+01,0.4930,1.248770e+04,1.246300e+04,0.1982,1.182500e+00,1.127500e+00,4.8780,4.323190e-03,4.325900e-03,-0.0626,6.886970e-01,7.236400e-01,-4.8288
0.1,2825,9.844260e+00,9.851000e+00,-0.0684,2.138760e+01,2.128000e+01,0.5056,1.300670e+04,1.297900e+04,0.2134,1.186340e+00,1.126800e+00,5.2840,4.246650e-03,4.249500e-03,-0.0671,6.924490e-01,7.294800e-01,-5.0764
0.1,2850,9.750680e+00,9.757900e+00,-0.0740,2.269870e+01,2.258200e+01,0.5168,1.355760e+04,1.352700e+04,0.2262,1.190550e+00,1.126200e+00,5.7139,4.169380e-03,4.172400e-03,-0.0724,6.960980e-01,7.354100e-01,-5.3456
0.1,2875,9.652290e+00,9.660000e+00,-0.0798,2.406650e+01,2.394000e+01,0.5284,1.414210e+04,1.410900e+04,0.2346,1.195110e+00,1.125700e+00,6.1659,4.091420e-03,4.094700e-03,-0.0801,6.996360e-01,7.414100e-01,-5.6344
0.1,2900,9.549180e+00,9.557300e+00,-0.0850,2.548390e+01,2.534700e+01,0.5401,1.476140e+04,1.472500e+04,0.2472,1.199990e+00,1.125400e+00,6.6279,4.012820e-03,4.016200e-03,-0.0842,7.030520e-01,7.474900e-01,-5.9450
0.1,2925,9.441500e+00,9.450200e+00,-0.0921,2.694090e+01,2.679400e+01,0.5483,1.541660e+04,1.537600e+04,0.2640,1.205150e+00,1.125200e+00,7.1054,3.933660e-03,3.937300e-03,-0.0924,7.063350e-01,7.536300e-01,-6.2756
0.1,2950,9.329490e+00,9.338700e+00,-0.0986,2.842370e+01,2.826800e+01,0.5508,1.610860e+04,1.606400e+04,0.2776,1.210540e+00,1.125100e+00,7.5940,3.854050e-03,3.857800e-03,-0.0972,7.094780e-01,7.598300e-01,-6.6267
0.1,2975,9.213440e+00,9.223200e+00,-0.1058,2.991550e+01,2.975100e+01,0.5529,1.683790e+04,1.679000e+04,0.2853,1.216090e+00,1.125200e+00,8.0777,3.774130e-03,3.778100e-03,-0.1051,7.124710e-01,7.660800e-01,-6.9978
0.1,3000,9.093770e+00,9.104000e+00,-0.1124,3.139600e+01,3.122400e+01,0.5509,1.760430e+04,1.755200e+04,0.2980,1.221720e+00,1.125400e+00,8.5587,3.694070e-03,3.698200e-03,-0.1117,7.153060e-01,7.723600e-01,-7.3870
0.1,3025,8.970960e+00,8.981700e+00,-0.1196,3.284270e+01,3.266500e+01,0.5440,1.840740e+04,1.835100e+04,0.3073,1.227360e+00,1.125700e+00,9.0308,3.614060e-03,3.618400e-03,-0.1199,7.179780e-01,7.786300e-01,-7.7896
0.1,3050,8.845570e+00,8.856700e+00,-0.1257,3.423110e+01,3.405100e+01,0.5289,1.924600e+04,1.918500e+04,0.3180,1.232900e+00,1.126100e+00,9.4841,3.534340e-03,3.538800e-03,-0.1260,7.204790e-01,7.848900e-01,-8.2064
0.1,3075,8.718230e+00,8.729800e+00,-0.1325,3.553650e+01,3.535600e+01,0.5105,2.011830e+04,2.005200e+04,0.3306,1.238240e+00,1.126700e+00,9.8997,3.455140e-03,3.459700e-03,-0.1318,7.228060e-01,7.910800e-01,-8.6305
0.1,3100,8.589650e+00,8.601600e+00,-0.1389,3.673500e+01,3.655700e+01,0.4869,2.102190e+04,2.095200e+04,0.3336,1.243310e+00,1.127300e+00,10.2910,3.376720e-03,3.381400e-03,-0.1384,7.249550e-01,7.971800e-01,-9.0601
0.1,3125,8.460530e+00,8.472800e+00,-0.1448,3.780470e+01,3.763300e+01,0.4562,2.195390e+04,2.187900e+04,0.3423,1.248000e+00,1.128100e+00,10.6285,3.299360e-03,3.304100e-03,-0.1435,7.269230e-01,8.031500e-01,-9.4910
0.1,3150,8.331610e+00,8.344200e+00,-0.1509,3.872700e+01,3.856500e+01,0.4201,2.291090e+04,2.283200e+04,0.3456,1.252240e+00,1.129000e+00,10.9159,3.223300e-03,3.228100e-03,-0.1487,7.287100e-01,8.089400e-01,-9.9179
0.1,3175,8.203620e+00,8.216400e+00,-0.1555,3.948730e+01,3.933900e+01,0.3770,2.388890e+04,2.380600e+04,0.3482,1.255980e+00,1.130000e+00,11.1487,3.148790e-03,3.153700e-03,-0.1557,7.303170e-01,8.145300e-01,-10.3388
0.1,3200,8.077230e+00,8.090100e+00,-0.1591,4.007560e+01,3.994300e+01,0.3320,2.488380e+04,2.479800e+04,0.3460,1.259170e+00,1.131000e+00,11.3324,3.076060e-03,3.081000e-03,-0.1603,7.317480e-01,8.198700e-01,-10.7483
0.1,3225,7.953090e+00,7.966000e+00,-0.1621,4.048620e+01,4.037300e+01,0.2804,2.589120e+04,2.580200e+04,0.3457,1.261770e+00,1.132200e+00,11.4441,3.005300e-03,3.010200e-03,-0.1628,7.330070e-01,8.249300e-01,-11.1431
0.1,3250,7.831760e+00,7.844700e+00,-0.1650,4.071840e+01,4.062500e+01,0.2299,2.690660e+04,2.681500e+04,0.3416,1.263790e+00,1.133400e+00,11.5043,2.936690e-03,2.941500e-03,-0.1635,7.341040e-01,8.297100e-01,-11.5228
0.1,3275,7.713760e+00,7.726600e+00,-0.1662,4.077510e+01,4.070400e+01,0.1747,2.792570e+04,2.783200e+04,0.3367,1.265210e+00,1.134600e+00,11.5115,2.870360e-03,2.875100e-03,-0.1649,7.350480e-01,8.341700e-01,-11.8827
0.1,3300,7.599490e+00,7.612100e+00,-0.1657,4.066340e+01,4.061500e+01,0.1192,2.894400e+04,2.884900e+04,0.3293,1.266080e+00,1.136000e+00,11.4507,2.806420e-03,2.811100e-03,-0.1665,7.358550e-01,8.383100e-01,-12.2216
0.1,3325,7.489300e+00,7.501700e+00,-0.1653,4.039350e+01,4.036800e+01,0.0632,2.995750e+04,2.986100e+04,0.3232,1.266400e+00,1.137400e+00,11.3417,2.744930e-03,2.749500e-03,-0.1662,7.365400e-01,8.421400e-01,-12.5395
0.1,3350,7.383440e+00,7.395600e+00,-0.1644,3.997800e+01,3.997400e+01,0.0100,3.096250e+04,3.086600e+04,0.3126,1.266220e+00,1.138800e+00,11.1890,2.685940e-03,2.690300e-03,-0.1621,7.371220e-01,8.456500e-01,-12.8337
0.1,3375,7.282100e+00,7.293900e+00,-0.1618,3.943190e+01,3.944900e+01,-0.0433,3.195530e+04,3.185900e+04,0.3023,1.265590e+00,1.140300e+00,10.9875,2.629450e-03,2.633700e-03,-0.1614,7.376220e-01,8.488800e-01,-13.1064
0.1,3400,7.185400e+00,7.196800e+00,-0.1584,3.877170e+01,3.880700e+01,-0.0910,3.293310e+04,3.283700e+04,0.2927,1.264560e+00,1.141800e+00,10.7514,2.575450e-03,2.579500e-03,-0.1570,7.380620e-01,8.518300e-01,-13.3557
0.1,3425,7.093380e+00,7.104400e+00,-0.1551,3.801500e+01,3.806700e+01,-0.1366,3.389310e+04,3.379800e+04,0.2814,1.263180e+00,1.143300e+00,10.4854,2.523910e-03,2.527800e-03,-0.1539,7.384640e-01,8.545300e-01,-13.5824
0.1,3450,7.006030e+00,7.016700e+00,-0.1521,3.717990e+01,3.724700e+01,-0.1801,3.483320e+04,3.474000e+04,0.2683,1.261510e+00,1.144800e+00,10.1948,2.474770e-03,2.478500e-03,-0.1505,7.388500e-01,8.570000e-01,-13.7865
0.1,3475,6.923290e+00,6.933500e+00,-0.1473,3.628430e+01,3.636300e+01,-0.2164,3.575160e+04,3.566000e+04,0.2569,1.259610e+00,1.146400e+00,9.8753,2.427950e-03,2.431500e-03,-0.1460,7.392430e-01,8.592900e-01,-13.9705
0.1,3500,6.845070e+00,6.854900e+00,-0.1434,3.534590e+01,3.543400e+01,-0.2486,3.664710e+04,3.655800e+04,0.2437,1.257530e+00,1.148000e+00,9.5409,2.383370e-03,2.386800e-03,-0.1437,7.396620e-01,8.614000e-01,-14.1326
0.1,3525,6.771210e+00,6.780600e+00,-0.1385,3.438140e+01,3.447600e+01,-0.2744,3.751870e+04,3.743200e+04,0.2316,1.255330e+00,1.149600e+00,9.1971,2.340930e-03,2.344200e-03,-0.1395,7.401280e-01,8.633800e-01,-14.2755
0.1,3550,6.701560e+00,6.710500e+00,-0.1332,3.340600e+01,3.350500e+01,-0.2955,3.836600e+04,3.828100e+04,0.2220,1.253050e+00,1.151200e+00,8.8473,2.300540e-03,2.303600e-03,-0.1328,7.406570e-01,8.652600e-01,-14.4006
0.1,3575,6.635930e+00,6.644500e+00,-0.1290,3.243330e+01,3.253500e+01,-0.3126,3.918900e+04,3.910700e+04,0.2097,1.250750e+00,1.152800e+00,8.4967,2.262080e-03,2.265000e-03,-0.1289,7.412640e-01,8.670400e-01,-14.5064
0.1,3600,6.574100e+00,6.582300e+00,-0.1246,3.147500e+01,3.157700e+01,-0.3230,3.998780e+04,3.990800e+04,0.2000,1.248450e+00,1.154300e+00,8.1565,2.225440e-03,2.228200e-03,-0.1239,7.419630e-01,8.687700e-01,-14.5962
0.1,3625,6.515870e+00,6.523700e+00,-0.1200,3.054040e+01,3.064100e+01,-0.3283,4.076300e+04,4.068600e+04,0.1893,1.246190e+00,1.155900e+00,7.8112,2.190520e-03,2.193100e-03,-0.1176,7.427640e-01,8.704500e-01,-14.6690
0.1,3650,6.461010e+00,6.468400e+00,-0.1142,2.963660e+01,2.973400e+01,-0.3276,4.151510e+04,4.144100e+04,0.1788,1.244010e+00,1.157400e+00,7.4832,2.157200e-03,2.159700e-03,-0.1158,7.436750e-01,8.721100e-01,-14.7269
0.1,3675,6.409310e+00,6.416400e+00,-0.1105,2.876830e+01,2.886200e+01,-0.3246,4.224510e+04,4.217300e+04,0.1710,1.241920e+00,1.159000e+00,7.1544,2.125380e-03,2.127700e-03,-0.1090,7.447050e-01,8.737600e-01,-14.7701
0.1,3700,6.360550e+00,6.367300e+00,-0.1060,2.793810e+01,2.802700e+01,-0.3172,4.295380e+04,4.288400e+04,0.1628,1.239960e+00,1.160500e+00,6.8470,2.094960e-03,2.097200e-03,-0.1068,7.458570e-01,8.754100e-01,-14.7991
0.1,3725,6.314520e+00,6.321000e+00,-0.1025,2.714620e+01,2.722900e+01,-0.3041,4.364230e+04,4.357500e+04,0.1544,1.238140e+00,1.162000e+00,6.5525,2.065840e-03,2.068000e-03,-0.1044,7.471360e-01,8.770700e-01,-14.8146
0.1,3750,6.271040e+00,6.277300e+00,-0.0997,2.639060e+01,2.646800e+01,-0.2924,4.431140e+04,4.424600e+04,0.1478,1.236470e+00,1.163500e+00,6.2716,2.037940e-03,2.039900e-03,-0.0961,7.485430e-01,8.787500e-01,-14.8173
0.1,3775,6.229920e+00,6.235900e+00,-0.0959,2.566790e+01,2.573900e+01,-0.2762,4.496210e+04,4.489800e+04,0.1428,1.234980e+00,1.165000e+00,6.0069,2.011160e-03,2.013100e-03,-0.0964,7.500790e-01,8.804600e-01,-14.8083
0.1,3800,6.191000e+00,6.196700e+00,-0.0920,2.497280e+01,2.503800e+01,-0.2604,4.559510e+04,4.553300e+04,0.1364,1.233680e+00,1.166600e+00,5.7500,1.985450e-03,1.987300e-03,-0.0931,7.517450e-01,8.822000e-01,-14.7875
0.1,3825,6.154140e+00,6.159700e+00,-0.0903,2.429890e+01,2.435900e+01,-0.2467,4.621090e+04,4.615000e+04,0.1320,1.232580e+00,1.168300e+00,5.5020,1.960730e-03,1.962500e-03,-0.0902,7.535400e-01,8.839800e-01,-14.7560
0.1,3850,6.119200e+00,6.124500e+00,-0.0865,2.363900e+01,2.369400e+01,-0.2321,4.681010e+04,4.675100e+04,0.1264,1.231700e+00,1.170000e+00,5.2735,1.936940e-03,1.938600e-03,-0.0856,7.554620e-01,8.857900e-01,-14.7132
0.1,3875,6.086080e+00,6.091200e+00,-0.0841,2.298540e+01,2.303600e+01,-0.2197,4.739290e+04,4.733500e+04,0.1223,1.231050e+00,1.171900e+00,5.0474,1.914030e-03,1.915600e-03,-0.0820,7.575090e-01,8.876600e-01,-14.6623
0.1,3900,6.054690e+00,6.059600e+00,-0.0810,2.233030e+01,2.237900e+01,-0.2176,4.795940e+04,4.790300e+04,0.1177,1.230650e+00,1.173900e+00,4.8343,1.891950e-03,1.893500e-03,-0.0819,7.596800e-01,8.895600e-01,-14.6005
0.1,3925,6.024940e+00,6.029700e+00,-0.0789,2.166660e+01,2.171300e+01,-0.2137,4.850940e+04,4.845400e+04,0.1143,1.230530e+00,1.176100e+00,4.6280,1.870660e-03,1.872100e-03,-0.0769,7.619700e-01,8.915200e-01,-14.5314
0.1,3950,5.996790e+00,6.001400e+00,-0.0768,2.098790e+01,2.103300e+01,-0.2144,4.904260e+04,4.898800e+04,0.1115,1.230700e+00,1.178600e+00,4.4205,1.850140e-03,1.851600e-03,-0.0789,7.643770e-01,8.935400e-01,-14.4552
0.1,3975,5.970180e+00,5.974700e+00,-0.0757,2.028940e+01,2.033500e+01,-0.2242,4.955860e+04,4.950500e+04,0.1083,1.231190e+00,1.181300e+00,4.2233,1.830340e-03,1.831700e-03,-0.0742,7.668980e-01,8.956200e-01,-14.3724
1,200,2.199600e+01,2.199600e+01,0.0000,1.511860e+00,1.511900e+00,-0.0026,-7.246370e+03,-7.246500e+03,0.0018,1.333370e+00,1.333400e+00,-0.0022,1.340280e+00,1.340300e+00,-0.0015,9.196210e-02,8.688100e-02,5.8483
1,225,2.199600e+01,2.199600e+01,0.0000,1.533550e+00,1.533600e+00,-0.0033,-7.208310e+03,-7.208400e+03,0.0012,1.327120e+00,1.327100e+00,0.0015,1.191360e+00,1.191300e+00,0.0050,1.024210e-01,9.666300e-02,5.9568
1,250,2.199600e+01,2.199600e+01,0.0000,1.559630e+00,1.559700e+00,-0.0045,-7.169660e+03,-7.169800e+03,0.0020,1.319900e+00,1.319900e+00,0.0000,1.072220e+00,1.072200e+00,0.0019,1.127750e-01,1.064500e-01,5.9418
1,275,2.199600e+01,2.199600e+01,0.0000,1.592020e+00,1.592100e+00,-0.0050,-7.130270e+03,-7.130400e+03,0.0018,1.311370e+00,1.311400e+00,-0.0023,9.747490e-01,9.747300e-01,0.0019,1.230010e-01,1.161500e-01,5.8984
1,300,2.199600e+01,2.199600e+01,0.0000,1.630770e+00,1.630800e+00,-0.0018,-7.090000e+03,-7.090100e+03,0.0014,1.301760e+00,1.301800e+00,-0.0031,8.935180e-01,8.935000e-01,0.0020,1.330750e-01,1.257200e-01,5.8503
1,325,2.199580e+01,2.199600e+01,-0.0009,1.675460e+00,1.675500e+00,-0.0024,-7.048690e+03,-7.048800e+03,0.0016,1.291440e+00,1.291400e+00,0.0031,8.247810e-01,8.247700e-01,0.0013,1.432680e-01,1.351400e-01,6.0145
1,350,2.199540e+01,2.199500e+01,0.0018,1.725930e+00,1.725900e+00,0.0017,-7.006180e+03,-7.006300e+03,0.0017,1.280710e+00,1.280700e+00,0.0008,7.658540e-01,7.658400e-01,0.0018,1.533300e-01,1.443800e-01,6.1989
1,375,2.199450e+01,2.199400e+01,0.0023,1.782600e+00,1.782600e+00,0.0000,-6.962340e+03,-6.962500e+03,0.0023,1.269780e+00,1.269700e+00,0.0063,7.147660e-01,7.147500e-01,0.0022,1.632480e-01,1.534400e-01,6.3921
1,400,2.199240e+01,2.199200e+01,0.0018,1.846770e+00,1.846700e+00,0.0038,-6.916990e+03,-6.917100e+03,0.0016,1.258750e+00,1.258700e+00,0.0040,6.700300e-01,6.700200e-01,0.0015,1.730130e-01,1.623200e-01,6.5876
1,425,2.198830e+01,2.198800e+01,0.0014,1.920740e+00,1.920500e+00,0.0125,-6.869920e+03,-6.870000e+03,0.0012,1.247670e+00,1.247500e+00,0.0136,6.305000e-01,6.304900e-01,0.0016,1.826120e-01,1.710200e-01,6.7782
1,450,2.198090e+01,2.198100e+01,-0.0005,2.007930e+00,2.007500e+00,0.0214,-6.820840e+03,-6.821000e+03,0.0023,1.236580e+00,1.236200e+00,0.0307,5.952710e-01,5.952600e-01,0.0018,1.920340e-01,1.795500e-01,6.9529
1,475,2.196820e+01,2.196800e+01,0.0009,2.113040e+00,2.112400e+00,0.0303,-6.769370e+03,-6.769500e+03,0.0019,1.225510e+00,1.224800e+00,0.0580,5.636160e-01,5.636100e-01,0.0011,2.012670e-01,1.879200e-01,7.1025
1,500,2.194780e+01,2.194800e+01,-0.0009,2.242230e+00,2.241100e+00,0.0504,-6.714990e+03,-6.715200e+03,0.0031,1.214560e+00,1.213300e+00,0.1038,5.349370e-01,5.349400e-01,-0.0006,2.102910e-01,1.961500e-01,7.2093
1,525,2.191630e+01,2.191700e+01,-0.0032,2.403560e+00,2.401800e+00,0.0733,-6.656990e+03,-6.657200e+03,0.0032,1.203820e+00,1.201800e+00,0.1681,5.087340e-01,5.087400e-01,-0.0012,2.188020e-01,2.042400e-01,7.1298
1,550,2.186980e+01,2.187000e+01,-0.0009,2.607940e+00,2.605300e+00,0.1013,-6.594450e+03,-6.594700e+03,0.0038,1.193440e+00,1.190200e+00,0.2722,4.845790e-01,4.845900e-01,-0.0023,2.270230e-01,2.122100e-01,6.9803
1,575,2.180340e+01,2.180400e+01,-0.0028,2.870910e+00,2.867000e+00,0.1364,-6.526110e+03,-6.526500e+03,0.0060,1.183490e+00,1.178600e+00,0.4149,4.621020e-01,4.621200e-01,-0.0039,2.349250e-01,2.200700e-01,6.7501
1,600,2.171090e+01,2.171200e+01,-0.0051,3.215860e+00,3.210200e+00,0.1763,-6.450230e+03,-6.450700e+03,0.0073,1.174090e+00,1.167000e+00,0.6075,4.409690e-01,4.410000e-01,-0.0070,2.424820e-01,2.278500e-01,6.4218
1,625,2.158460e+01,2.158700e+01,-0.0111,3.678840e+00,3.670700e+00,0.2218,-6.364340e+03,-6.365000e+03,0.0104,1.165420e+00,1.155400e+00,0.8672,4.208680e-01,4.209100e-01,-0.0100,2.495120e-01,2.355600e-01,5.9229
1,650,2.141440e+01,2.141800e+01,-0.0168,4.313180e+00,4.301200e+00,0.2785,-6.264860e+03,-6.265700e+03,0.0134,1.157940e+00,1.144000e+00,1.2185,4.014900e-01,4.015500e-01,-0.0149,2.561610e-01,2.432300e-01,5.3164
1,675,2.118650e+01,2.119100e+01,-0.0212,5.188570e+00,5.170900e+00,0.3417,-6.146670e+03,-6.147900e+03,0.0200,1.152600e+00,1.133300e+00,1.7030,3.825050e-01,3.825900e-01,-0.0222,2.624420e-01,2.508900e-01,4.6044
1,700,2.088330e+01,2.089000e+01,-0.0321,6.376150e+00,6.350600e+00,0.4023,-6.002830e+03,-6.004600e+03,0.0295,1.150760e+00,1.124200e+00,2.3626,3.635660e-01,3.636800e-01,-0.0313,2.683920e-01,2.586100e-01,3.7825
1,725,2.048570e+01,2.049500e+01,-0.0454,7.917600e+00,7.882300e+00,0.4478,-5.824900e+03,-5.827400e+03,0.0429,1.153650e+00,1.117400e+00,3.2441,3.443470e-01,3.444900e-01,-0.0415,2.740610e-01,2.664400e-01,2.8603
1,750,1.997800e+01,1.999000e+01,-0.0600,9.793570e+00,9.747600e+00,0.4716,-5.604140e+03,-5.607700e+03,0.0635,1.161800e+00,1.113100e+00,4.3752,3.246190e-01,3.248000e-01,-0.0557,2.795300e-01,2.744300e-01,1.8584
1,775,1.935480e+01,1.936900e+01,-0.0733,1.190930e+01,1.185400e+01,0.4665,-5.333200e+03,-5.338000e+03,0.0899,1.174720e+00,1.111300e+00,5.7068,3.043470e-01,3.045700e-01,-0.0732,2.849220e-01,2.826100e-01,0.8181
1,800,1.862620e+01,1.864400e+01,-0.0955,1.409030e+01,1.402900e+01,0.4370,-5.008100e+03,-5.014400e+03,0.1256,1.190970e+00,1.111600e+00,7.1402,2.837360e-01,2.840000e-01,-0.0930,2.904290e-01,2.909200e-01,-0.1688
1,825,1.782040e+01,1.784000e+01,-0.1099,1.607020e+01,1.601000e+01,0.3760,-4.630330e+03,-4.638200e+03,0.1697,1.208280e+00,1.113600e+00,8.5022,2.632360e-01,2.635300e-01,-0.1116,2.962950e-01,2.993000e-01,-1.0040
1,850,1.698230e+01,1.700400e+01,-0.1276,1.748380e+01,1.743700e+01,0.2684,-4.209290e+03,-4.218500e+03,0.2183,1.223640e+00,1.117100e+00,9.5372,2.434780e-01,2.437800e-01,-0.1239,3.027490e-01,3.076100e-01,-1.5802
1,875,1.616830e+01,1.619000e+01,-0.1340,1.790530e+01,1.788700e+01,0.1023,-3.764430e+03,-3.774500e+03,0.2668,1.233670e+00,1.121900e+00,9.9626,2.251850e-01,2.254800e-01,-0.1308,3.098980e-01,3.157100e-01,-1.8409
1,900,1.543730e+01,1.545700e+01,-0.1275,1.698580e+01,1.700900e+01,-0.1364,-3.325290e+03,-3.335300e+03,0.3001,1.235610e+00,1.128300e+00,9.5108,2.090310e-01,2.092900e-01,-0.1238,3.176160e-01,3.234900e-01,-1.8158
1,925,1.483870e+01,1.485500e+01,-0.1097,1.469780e+01,1.476500e+01,-0.4551,-2.926700e+03,-2.935600e+03,0.3032,1.229110e+00,1.136400e+00,8.1582,1.954950e-01,1.957000e-01,-0.1048,3.255420e-01,3.308600e-01,-1.6073
1,950,1.439870e+01,1.441000e+01,-0.0784,1.155380e+01,1.164700e+01,-0.8002,-2.597660e+03,-2.604500e+03,0.2626,1.218040e+00,1.147300e+00,6.1658,1.847070e-01,1.848500e-01,-0.0774,3.332400e-01,3.378000e-01,-1.3499
1,975,1.411140e+01,1.411900e+01,-0.0538,8.466400e+00,8.557600e+00,-1.0657,-2.348480e+03,-2.352900e+03,0.1879,1.209790e+00,1.162000e+00,4.1127,1.763790e-01,1.764700e-01,-0.0516,3.404300e-01,3.443500e-01,-1.1384
1,1000,1.394300e+01,1.394700e+01,-0.0287,6.149790e+00,6.221800e+00,-1.1574,-2.167730e+03,-2.170100e+03,0.1092,1.209790e+00,1.180400e+00,2.4898,1.699180e-01,1.699700e-01,-0.0306,3.470910e-01,3.506000e-01,-1.0009
1,1025,1.385180e+01,1.385400e+01,-0.0159,4.728870e+00,4.784000e+00,-1.1524,-2.033420e+03,-2.034200e+03,0.0383,1.216590e+00,1.199200e+00,1.4501,1.646890e-01,1.647100e-01,-0.0127,3.531410e-01,3.566300e-01,-0.9783
1,1050,1.380420e+01,1.380400e+01,0.0014,3.963110e+00,4.013500e+00,-1.2555,-1.925830e+03,-1.925400e+03,-0.0223,1.224460e+00,1.213800e+00,0.8782,1.602150e-01,1.602200e-01,-0.0031,3.589390e-01,3.625000e-01,-0.9823
1,1075,1.377940e+01,1.377800e+01,0.0102,3.584070e+00,3.643900e+00,-1.6419,-1.832080e+03,-1.830300e+03,-0.0973,1.229520e+00,1.222000e+00,0.6154,1.562090e-01,1.561900e-01,0.0122,3.645850e-01,3.682800e-01,-1.0033
1,1100,1.376600e+01,1.376300e+01,0.0218,3.425220e+00,3.509200e+00,-2.3931,-1.744820e+03,-1.741200e+03,-0.2079,1.230920e+00,1.224000e+00,0.5654,1.525100e-01,1.524800e-01,0.0197,3.701350e-01,3.739800e-01,-1.0281
1,1125,1.375700e+01,1.375200e+01,0.0364,3.436980e+00,3.560600e+00,-3.4719,-1.659430e+03,-1.653300e+03,-0.3708,1.228260e+00,1.220200e+00,0.6605,1.490230e-01,1.489700e-01,0.0356,3.756130e-01,3.796500e-01,-1.0633
1,1150,1.374550e+01,1.373700e+01,0.0619,3.713910e+00,3.900800e+00,-4.7911,-1.570810e+03,-1.560900e+03,-0.6349,1.219940e+00,1.208700e+00,0.9299,1.456610e-01,1.455700e-01,0.0625,3.810200e-01,3.853600e-01,-1.1262
1,1175,1.371960e+01,1.370600e+01,0.0992,4.484330e+00,4.806700e+00,-6.7067,-1.469560e+03,-1.453500e+03,-1.1049,1.207480e+00,1.189900e+00,1.4774,1.422940e-01,1.421500e-01,0.1013,3.863350e-01,3.913300e-01,-1.2764
1,1200,1.366340e+01,1.363900e+01,0.1789,5.714870e+00,6.235300e+00,-8.3465,-1.342560e+03,-1.315900e+03,-2.0260,1.200300e+00,1.173700e+00,2.2663,1.387580e-01,1.385100e-01,0.1790,3.915170e-01,3.979300e-01,-1.6116
1,1225,1.357140e+01,1.353100e+01,0.2986,6.877730e+00,7.446800e+00,-7.6418,-1.184500e+03,-1.143800e+03,-3.5583,1.200690e+00,1.166200e+00,2.9575,1.350120e-01,1.346100e-01,0.2986,3.965590e-01,4.052800e-01,-2.1518
1,1250,1.345330e+01,1.339900e+01,0.4053,7.674420e+00,8.139600e+00,-5.7150,-1.001830e+03,-9.479700e+02,-5.6816,1.203500e+00,1.163800e+00,3.4112,1.311590e-01,1.306300e-01,0.4050,4.014970e-01,4.131400e-01,-2.8182
1,1275,1.332100e+01,1.325600e+01,0.4903,8.168070e+00,8.479000e+00,-3.6671,-8.033080e+02,-7.397000e+02,-8.5992,1.205930e+00,1.163300e+00,3.6646,1.273240e-01,1.267000e-01,0.4925,4.063740e-01,4.211900e-01,-3.5177
1,1300,1.318310e+01,1.311200e+01,0.5423,8.487310e+00,8.633600e+00,-1.6944,-5.948690e+02,-5.255400e+02,-13.1920,1.207220e+00,1.163300e+00,3.7755,1.235820e-01,1.229200e-01,0.5386,4.112250e-01,4.292400e-01,-4.1970
1,1325,1.304410e+01,1.297100e+01,0.5636,8.730910e+00,8.707400e+00,0.2700,-3.795650e+02,-3.086900e+02,-22.9599,1.207220e+00,1.163100e+00,3.7933,1.199720e-01,1.193000e-01,0.5633,4.160730e-01,4.371400e-01,-4.8193
1,1350,1.290650e+01,1.283600e+01,0.5492,8.969050e+00,8.766900e+00,2.3058,-1.583640e+02,-9.028200e+01,-75.4104,1.205960e+00,1.162400e+00,3.7474,1.165080e-01,1.158700e-01,0.5506,4.209350e-01,4.447800e-01,-5.3611
1,1375,1.277070e+01,1.270600e+01,0.5092,9.253880e+00,8.860000e+00,4.4456,6.927970e+01,1.299400e+02,-46.6833,1.203540e+00,1.160800e+00,3.6819,1.131860e-01,1.126100e-01,0.5115,4.258250e-01,4.520500e-01,-5.8013
1,1400,1.263650e+01,1.258000e+01,0.4491,9.624440e+00,9.023900e+00,6.6550,3.050480e+02,3.533100e+02,-13.6600,1.200210e+00,1.158300e+00,3.6182,1.099970e-01,1.095100e-01,0.4447,4.307530e-01,4.588700e-01,-6.1274
1,1425,1.250270e+01,1.245900e+01,0.3508,1.010620e+01,9.288300e+00,8.8057,5.514340e+02,5.819800e+02,-5.2486,1.196360e+00,1.154800e+00,3.5989,1.069230e-01,1.065500e-01,0.3501,4.357290e-01,4.651400e-01,-6.3230
1,1450,1.236810e+01,1.234100e+01,0.2196,1.070530e+01,9.674400e+00,10.6560,8.113430e+02,8.187400e+02,-0.9035,1.192490e+00,1.150600e+00,3.6407,1.039480e-01,1.037200e-01,0.2198,4.407600e-01,4.707800e-01,-6.3767
1,1475,1.223130e+01,1.222300e+01,0.0679,1.139740e+01,1.019000e+01,11.8489,1.087490e+03,1.066800e+03,1.9394,1.189120e+00,1.146000e+00,3.7627,1.010560e-01,1.009800e-01,0.0753,4.458500e-01,4.757000e-01,-6.2750
1,1500,1.209170e+01,1.210300e+01,-0.0934,1.211150e+01,1.082200e+01,11.9155,1.381420e+03,1.329200e+03,3.9287,1.186690e+00,1.141500e+00,3.9588,9.823770e-02,9.833200e-02,-0.0959,4.509960e-01,4.798600e-01,-6.0151
1,1525,1.194990e+01,1.198200e+01,-0.2679,1.271280e+01,1.151600e+01,10.3925,1.692140e+03,1.608400e+03,5.2064,1.185450e+00,1.137700e+00,4.1971,9.549370e-02,9.574800e-02,-0.2656,4.561900e-01,4.832300e-01,-5.5957
1,1550,1.180820e+01,1.185700e+01,-0.4116,1.300520e+01,1.215400e+01,7.0035,2.014490e+03,1.904600e+03,5.7697,1.185400e+00,1.135200e+00,4.4221,9.284000e-02,9.322600e-02,-0.4140,4.614120e-01,4.858800e-01,-5.0358
1,1575,1.167150e+01,1.173200e+01,-0.5157,1.278450e+01,1.253100e+01,2.0230,2.338090e+03,2.214000e+03,5.6048,1.186430e+00,1.134900e+00,4.5405,9.030850e-02,9.077500e-02,-0.5139,4.666340e-01,4.879800e-01,-4.3744
1,1600,1.154590e+01,1.160900e+01,-0.5435,1.196170e+01,1.237700e+01,-3.3554,2.648630e+03,2.526700e+03,4.8257,1.188630e+00,1.137700e+00,4.4766,8.794040e-02,8.842000e-02,-0.5424,4.718230e-01,4.898500e-01,-3.6801
1,1625,1.143690e+01,1.149500e+01,-0.5054,1.067460e+01,1.151400e+01,-7.2903,2.932250e+03,2.826800e+03,3.7304,1.192420e+00,1.144400e+00,4.1961,8.577010e-02,8.620500e-02,-0.5045,4.769550e-01,4.919500e-01,-3.0481
1,1650,1.134730e+01,1.139700e+01,-0.4361,9.235710e+00,1.010100e+01,-8.5664,3.181100e+03,3.097700e+03,2.6923,1.198240e+00,1.155500e+00,3.6988,8.380880e-02,8.417300e-02,-0.4327,4.820200e-01,4.946400e-01,-2.5514
1,1675,1.127640e+01,1.131700e+01,-0.3588,7.930710e+00,8.590300e+00,-7.6783,3.395200e+03,3.331000e+03,1.9273,1.205860e+00,1.169800e+00,3.0826,8.204200e-02,8.233800e-02,-0.3595,4.870220e-01,4.980700e-01,-2.2182
1,1700,1.122120e+01,1.125500e+01,-0.3003,6.889010e+00,7.338300e+00,-6.1225,3.579870e+03,3.529400e+03,1.4300,1.214340e+00,1.184900e+00,2.4846,8.044030e-02,8.068200e-02,-0.2996,4.919740e-01,5.021200e-01,-2.0206
1,1725,1.117840e+01,1.120700e+01,-0.2552,6.110140e+00,6.422100e+00,-4.8576,3.741860e+03,3.700800e+03,1.1095,1.222630e+00,1.198600e+00,2.0048,7.897200e-02,7.917300e-02,-0.2539,4.968880e-01,5.065600e-01,-1.9093
1,1750,1.114490e+01,1.116900e+01,-0.2158,5.541350e+00,5.774300e+00,-4.0343,3.887130e+03,3.852800e+03,0.8910,1.230030e+00,1.210200e+00,1.6386,7.761070e-02,7.777900e-02,-0.2164,5.017730e-01,5.112300e-01,-1.8499
1,1775,1.111850e+01,1.113900e+01,-0.1840,5.126200e+00,5.311800e+00,-3.4941,4.020200e+03,3.991000e+03,0.7316,1.236240e+00,1.219500e+00,1.3727,7.633580e-02,7.647900e-02,-0.1872,5.066360e-01,5.160200e-01,-1.8185
1,1800,1.109730e+01,1.111500e+01,-0.1592,4.820500e+00,4.974200e+00,-3.0899,4.144340e+03,4.119400e+03,0.6054,1.241250e+00,1.227000e+00,1.1614,7.513200e-02,7.525400e-02,-0.1621,5.114790e-01,5.208700e-01,-1.8029
1,1825,1.108010e+01,1.109600e+01,-0.1433,4.593160e+00,4.722800e+00,-2.7450,4.261880e+03,4.240500e+03,0.5042,1.245150e+00,1.232800e+00,1.0018,7.398830e-02,7.409300e-02,-0.1413,5.163060e-01,5.257500e-01,-1.7963
1,1850,1.106610e+01,1.108000e+01,-0.1255,4.423020e+00,4.533100e+00,-2.4284,4.374480e+03,4.356000e+03,0.4242,1.248070e+00,1.237500e+00,0.8541,7.289590e-02,7.298600e-02,-0.1234,5.211180e-01,5.306300e-01,-1.7926
1,1875,1.105440e+01,1.106600e+01,-0.1048,4.295630e+00,4.389400e+00,-2.1363,4.483380e+03,4.467500e+03,0.3555,1.250150e+00,1.241000e+00,0.7373,7.184850e-02,7.192600e-02,-0.1077,5.259150e-01,5.355200e-01,-1.7936
1,1900,1.104470e+01,1.105500e+01,-0.0932,4.201020e+00,4.281000e+00,-1.8683,4.589530e+03,4.575800e+03,0.3001,1.251490e+00,1.243500e+00,0.6425,7.084070e-02,7.090800e-02,-0.0949,5.306980e-01,5.404000e-01,-1.7953
1,1925,1.103650e+01,1.104600e+01,-0.0860,4.132150e+00,4.200400e+00,-1.6248,4.693650e+03,4.681800e+03,0.2531,1.252210e+00,1.245300e+00,0.5549,6.986850e-02,6.992700e-02,-0.0837,5.354690e-01,5.452800e-01,-1.7993
1,1950,1.102940e+01,1.103800e+01,-0.0779,4.083940e+00,4.142200e+00,-1.4065,4.796310e+03,4.786000e+03,0.2154,1.252390e+00,1.246300e+00,0.4886,6.892840e-02,6.898000e-02,-0.0748,5.402270e-01,5.501500e-01,-1.8037
1,1975,1.102320e+01,1.103100e+01,-0.0707,4.052710e+00,4.102500e+00,-1.2137,4.897990e+03,4.889000e+03,0.1839,1.252100e+00,1.246800e+00,0.4251,6.801770e-02,6.806300e-02,-0.0666,5.449730e-01,5.550100e-01,-1.8084
1,2000,1.101770e+01,1.102400e+01,-0.0571,4.035740e+00,4.078400e+00,-1.0460,4.999060e+03,4.991300e+03,0.1555,1.251400e+00,1.246700e+00,0.3770,6.713390e-02,6.717400e-02,-0.0597,5.497070e-01,5.598600e-01,-1.8135
1,2025,1.101270e+01,1.101900e+01,-0.0572,4.031020e+00,4.067500e+00,-0.8969,5.099880e+03,5.093100e+03,0.1331,1.250350e+00,1.246200e+00,0.3330,6.627500e-02,6.631100e-02,-0.0543,5.542650e-01,5.647100e-01,-1.8496
1,2050,1.100810e+01,1.101300e+01,-0.0445,4.037090e+00,4.068400e+00,-0.7696,5.200710e+03,5.194700e+03,0.1157,1.248980e+00,1.245200e+00,0.3036,6.543930e-02,6.547100e-02,-0.0484,5.588090e-01,5.695500e-01,-1.8859
1,2075,1.100370e+01,1.100900e+01,-0.0481,4.052860e+00,4.079700e+00,-0.6579,5.301810e+03,5.296600e+03,0.0984,1.247350e+00,1.243900e+00,0.2774,6.462510e-02,6.465400e-02,-0.0447,5.633390e-01,5.743700e-01,-1.9205
1,2100,1.099940e+01,1.100400e+01,-0.0418,4.077580e+00,4.100600e+00,-0.5614,5.403420e+03,5.398800e+03,0.0856,1.245470e+00,1.242300e+00,0.2552,6.383110e-02,6.385700e-02,-0.0406,5.678560e-01,5.792000e-01,-1.9586
1,2125,1.099520e+01,1.099900e+01,-0.0345,4.110720e+00,4.130400e+00,-0.4765,5.505760e+03,5.501700e+03,0.0738,1.243380e+00,1.240400e+00,0.2402,6.305610e-02,6.308000e-02,-0.0379,5.723600e-01,5.840100e-01,-1.9948
1,2150,1.099100e+01,1.099500e+01,-0.0364,4.151960e+00,4.168800e+00,-0.4040,5.609030e+03,5.605400e+03,0.0648,1.241100e+00,1.238200e+00,0.2342,6.229880e-02,6.232100e-02,-0.0356,5.768520e-01,5.888200e-01,-2.0325
1,2175,1.098660e+01,1.099000e+01,-0.0309,4.201130e+00,4.215400e+00,-0.3385,5.713420e+03,5.710200e+03,0.0564,1.238660e+00,1.235800e+00,0.2314,6.155830e-02,6.157900e-02,-0.0336,5.813310e-01,5.936300e-01,-2.0718
1,2200,1.098210e+01,1.098600e+01,-0.0355,4.258170e+00,4.270300e+00,-0.2841,5.819150e+03,5.816200e+03,0.0507,1.236070e+00,1.233200e+00,0.2327,6.083350e-02,6.085200e-02,-0.0304,5.857990e-01,5.984300e-01,-2.1107
1,2225,1.097720e+01,1.098100e+01,-0.0346,4.323140e+00,4.333300e+00,-0.2345,5.926400e+03,5.923800e+03,0.0439,1.233350e+00,1.230500e+00,0.2316,6.012370e-02,6.014100e-02,-0.0288,5.902560e-01,6.032300e-01,-2.1508
1,2250,1.097210e+01,1.097500e+01,-0.0264,4.396190e+00,4.404600e+00,-0.1909,6.035370e+03,6.033000e+03,0.0393,1.230530e+00,1.227600e+00,0.2387,5.942780e-02,5.944400e-02,-0.0273,5.947020e-01,6.080200e-01,-2.1904
1,2275,1.096660e+01,1.097000e+01,-0.0310,4.477520e+00,4.484300e+00,-0.1512,6.146280e+03,6.144100e+03,0.0355,1.227630e+00,1.224500e+00,0.2556,5.874510e-02,5.876100e-02,-0.0271,5.991370e-01,6.128100e-01,-2.2312
1,2300,1.096060e+01,1.096300e+01,-0.0219,4.567400e+00,4.572700e+00,-0.1159,6.259320e+03,6.257300e+03,0.0323,1.224660e+00,1.221400e+00,0.2669,5.807490e-02,5.809000e-02,-0.0260,6.035630e-01,6.176100e-01,-2.2744
1,2325,1.095410e+01,1.095700e+01,-0.0265,4.666160e+00,4.670100e+00,-0.0844,6.374720e+03,6.372800e+03,0.0301,1.221640e+00,1.218100e+00,0.2906,5.741640e-02,5.743100e-02,-0.0254,6.079780e-01,6.224000e-01,-2.3172
1,2350,1.094700e+01,1.095000e+01,-0.0274,4.774140e+00,4.776800e+00,-0.0557,6.492710e+03,6.490800e+03,0.0294,1.218590e+00,1.214800e+00,0.3120,5.676890e-02,5.678300e-02,-0.0248,6.123850e-01,6.271900e-01,-2.3605
1,2375,1.093930e+01,1.094200e+01,-0.0247,4.891760e+00,4.893200e+00,-0.0294,6.613510e+03,6.611700e+03,0.0274,1.215540e+00,1.211400e+00,0.3418,5.613170e-02,5.614500e-02,-0.0237,6.167830e-01,6.319800e-01,-2.4047
1,2400,1.093090e+01,1.093400e+01,-0.0284,5.019450e+00,5.019800e+00,-0.0070,6.737380e+03,6.735600e+03,0.0264,1.212500e+00,1.208000e+00,0.3725,5.550420e-02,5.551700e-02,-0.0231,6.211720e-01,6.367800e-01,-2.4511
1,2425,1.092170e+01,1.092400e+01,-0.0211,5.157670e+00,5.156800e+00,0.0169,6.864570e+03,6.862800e+03,0.0258,1.209490e+00,1.204600e+00,0.4059,5.488580e-02,5.489900e-02,-0.0240,6.255530e-01,6.415800e-01,-2.4981
1,2450,1.091160e+01,1.091400e+01,-0.0220,5.306910e+00,5.304900e+00,0.0379,6.995350e+03,6.993500e+03,0.0265,1.206540e+00,1.201200e+00,0.4446,5.427570e-02,5.428800e-02,-0.0227,6.299260e-01,6.463800e-01,-2.5456
1,2475,1.090070e+01,1.090300e+01,-0.0211,5.467680e+00,5.464500e+00,0.0582,7.130010e+03,7.128100e+03,0.0268,1.203660e+00,1.197800e+00,0.4892,5.367350e-02,5.368600e-02,-0.0233,6.342910e-01,6.512000e-01,-2.5966
1,2500,1.088870e+01,1.089100e+01,-0.0211,5.640510e+00,5.636200e+00,0.0765,7.268840e+03,7.266900e+03,0.0267,1.200860e+00,1.194400e+00,0.5409,5.307850e-02,5.309100e-02,-0.0235,6.386490e-01,6.560200e-01,-2.6479
1,2525,1.087570e+01,1.087800e+01,-0.0211,5.825960e+00,5.820500e+00,0.0938,7.412140e+03,7.410000e+03,0.0289,1.198180e+00,1.191100e+00,0.5944,5.249020e-02,5.250300e-02,-0.0244,6.430000e-01,6.608500e-01,-2.7011
1,2550,1.086160e+01,1.086400e+01,-0.0221,6.024610e+00,6.017900e+00,0.1115,7.560250e+03,7.558000e+03,0.0298,1.195610e+00,1.187800e+00,0.6575,5.190800e-02,5.192100e-02,-0.0250,6.473430e-01,6.656900e-01,-2.7561
1,2575,1.084620e+01,1.084900e+01,-0.0258,6.237040e+00,6.229100e+00,0.1275,7.713490e+03,7.711000e+03,0.0323,1.193190e+00,1.184600e+00,0.7251,5.133130e-02,5.134400e-02,-0.0247,6.516800e-01,6.705400e-01,-2.8127
1,2600,1.082960e+01,1.083200e+01,-0.0222,6.463870e+00,6.454600e+00,0.1436,7.872220e+03,7.869600e+03,0.0333,1.190920e+00,1.181500e+00,0.7973,5.075970e-02,5.077300e-02,-0.0262,6.560100e-01,6.754100e-01,-2.8723
1,2625,1.081150e+01,1.081400e+01,-0.0231,6.705730e+00,6.695100e+00,0.1588,8.036810e+03,8.033900e+03,0.0362,1.188820e+00,1.178500e+00,0.8757,5.019260e-02,5.020600e-02,-0.0267,6.603320e-01,6.802900e-01,-2.9337
1,2650,1.079210e+01,1.079500e+01,-0.0269,6.963260e+00,6.951200e+00,0.1735,8.207630e+03,8.204400e+03,0.0394,1.186890e+00,1.175500e+00,0.9689,4.962960e-02,4.964300e-02,-0.0270,6.646470e-01,6.851900e-01,-2.9981
1,2675,1.077110e+01,1.077400e+01,-0.0269,7.237130e+00,7.223600e+00,0.1873,8.385100e+03,8.381600e+03,0.0418,1.185160e+00,1.172700e+00,1.0625,4.907000e-02,4.908400e-02,-0.0285,6.689550e-01,6.901100e-01,-3.0655
1,2700,1.074840e+01,1.075200e+01,-0.0335,7.528020e+00,7.512800e+00,0.2026,8.569630e+03,8.565800e+03,0.0447,1.183620e+00,1.170000e+00,1.1641,4.851350e-02,4.852800e-02,-0.0299,6.732550e-01,6.950500e-01,-3.1357
1,2725,1.072410e+01,1.072700e+01,-0.0270,7.836640e+00,7.819800e+00,0.2154,8.761650e+03,8.757400e+03,0.0485,1.182290e+00,1.167500e+00,1.2668,4.795970e-02,4.797400e-02,-0.0298,6.775450e-01,7.000100e-01,-3.2092
1,2750,1.069800e+01,1.070100e+01,-0.0280,8.163700e+00,8.145000e+00,0.2296,8.961620e+03,8.956900e+03,0.0527,1.181180e+00,1.165000e+00,1.3888,4.740790e-02,4.742300e-02,-0.0318,6.818270e-01,7.050000e-01,-3.2870
1,2775,1.067000e+01,1.067400e+01,-0.0375,8.509940e+00,8.489300e+00,0.2431,9.170000e+03,9.164800e+03,0.0567,1.180290e+00,1.162700e+00,1.5129,4.685790e-02,4.687300e-02,-0.0322,6.860980e-01,7.100200e-01,-3.3692
1,2800,1.064000e+01,1.064400e+01,-0.0376,8.876140e+00,8.853500e+00,0.2557,9.387280e+03,9.381500e+03,0.0616,1.179620e+00,1.160400e+00,1.6563,4.630910e-02,4.632500e-02,-0.0343,6.903580e-01,7.150600e-01,-3.4545
1,2825,1.060800e+01,1.061200e+01,-0.0377,9.263050e+00,9.238200e+00,0.2690,9.613980e+03,9.607600e+03,0.0664,1.179190e+00,1.158400e+00,1.7947,4.576130e-02,4.577800e-02,-0.0365,6.946040e-01,7.201300e-01,-3.5446
1,2850,1.057390e+01,1.057800e+01,-0.0388,9.671480e+00,9.644300e+00,0.2818,9.850610e+03,9.843600e+03,0.0712,1.178990e+00,1.156400e+00,1.9535,4.521390e-02,4.523100e-02,-0.0378,6.988370e-01,7.252400e-01,-3.6406
1,2875,1.053760e+01,1.054200e+01,-0.0417,1.010220e+01,1.007300e+01,0.2899,1.009770e+04,1.009000e+04,0.0763,1.179030e+00,1.154600e+00,2.1159,4.466670e-02,4.468500e-02,-0.0410,7.030530e-01,7.303900e-01,-3.7428
1,2900,1.049890e+01,1.050300e+01,-0.0390,1.055610e+01,1.052400e+01,0.3050,1.035590e+04,1.034700e+04,0.0860,1.179320e+00,1.152800e+00,2.3005,4.411930e-02,4.413800e-02,-0.0424,7.072500e-01,7.355700e-01,-3.8501
1,2925,1.045790e+01,1.046300e+01,-0.0487,1.103390e+01,1.099900e+01,0.3173,1.062570e+04,1.061600e+04,0.0914,1.179850e+00,1.151200e+00,2.4887,4.357140e-02,4.359100e-02,-0.0450,7.114270e-01,7.407900e-01,-3.9637
1,2950,1.041450e+01,1.041900e+01,-0.0432,1.153650e+01,1.149800e+01,0.3348,1.090780e+04,1.089800e+04,0.0899,1.180630e+00,1.149700e+00,2.6903,4.302260e-02,4.304300e-02,-0.0474,7.155810e-01,7.460600e-01,-4.0853
1,2975,1.036850e+01,1.037400e+01,-0.0530,1.206460e+01,1.202300e+01,0.3460,1.120280e+04,1.119200e+04,0.0965,1.181660e+00,1.148400e+00,2.8962,4.247270e-02,4.249400e-02,-0.0501,7.197080e-01,7.513700e-01,-4.2139
1,3000,1.031990e+01,1.032500e+01,-0.0494,1.261890e+01,1.257300e+01,0.3651,1.151130e+04,1.149900e+04,0.1070,1.182940e+00,1.147100e+00,3.1244,4.192130e-02,4.194300e-02,-0.0517,7.238060e-01,7.567200e-01,-4.3496
1,3025,1.026860e+01,1.027400e+01,-0.0526,1.320010e+01,1.315100e+01,0.3734,1.183390e+04,1.182000e+04,0.1176,1.184470e+00,1.146000e+00,3.3569,4.136840e-02,4.139100e-02,-0.0546,7.278710e-01,7.621300e-01,-4.4952
1,3050,1.021470e+01,1.022100e+01,-0.0616,1.380870e+01,1.375500e+01,0.3904,1.217150e+04,1.215700e+04,0.1193,1.186250e+00,1.144900e+00,3.6117,4.081370e-02,4.083800e-02,-0.0595,7.318980e-01,7.675900e-01,-4.6499
1,3075,1.015790e+01,1.016400e+01,-0.0600,1.444520e+01,1.438700e+01,0.4045,1.252460e+04,1.250800e+04,0.1327,1.188290e+00,1.144000e+00,3.8715,4.025690e-02,4.028200e-02,-0.0623,7.358850e-01,7.731000e-01,-4.8137
1,3100,1.009830e+01,1.010500e+01,-0.0663,1.510960e+01,1.504700e+01,0.4160,1.289400e+04,1.287600e+04,0.1398,1.190580e+00,1.143200e+00,4.1445,3.969810e-02,3.972400e-02,-0.0652,7.398260e-01,7.786700e-01,-4.9885
1,3125,1.003590e+01,1.004300e+01,-0.0707,1.580210e+01,1.573400e+01,0.4328,1.328030e+04,1.326100e+04,0.1455,1.193110e+00,1.142400e+00,4.4389,3.913710e-02,3.916400e-02,-0.0687,7.437180e-01,7.842900e-01,-5.1731
1,3150,9.970590e+00,9.977900e+00,-0.0733,1.652210e+01,1.644900e+01,0.4444,1.368430e+04,1.366300e+04,0.1559,1.195900e+00,1.141800e+00,4.7381,3.857380e-02,3.860200e-02,-0.0731,7.475540e-01,7.899800e-01,-5.3705
1,3175,9.902390e+00,9.910100e+00,-0.0778,1.726900e+01,1.719000e+01,0.4596,1.410670e+04,1.408400e+04,0.1612,1.198920e+00,1.141300e+00,5.0486,3.800830e-02,3.803800e-02,-0.0781,7.513320e-01,7.957200e-01,-5.5783
1,3200,9.831300e+00,9.839400e+00,-0.0823,1.804130e+01,1.795700e+01,0.4695,1.454800e+04,1.452300e+04,0.1721,1.202180e+00,1.140800e+00,5.3804,3.744060e-02,3.747100e-02,-0.0811,7.550450e-01,8.015200e-01,-5.7984
1,3225,9.757350e+00,9.765800e+00,-0.0865,1.883740e+01,1.874700e+01,0.4822,1.500890e+04,1.498200e+04,0.1795,1.205670e+00,1.140500e+00,5.7142,3.687090e-02,3.690300e-02,-0.0870,7.586890e-01,8.073800e-01,-6.0307
1,3250,9.680580e+00,9.689400e+00,-0.0910,1.965470e+01,1.955800e+01,0.4944,1.549000e+04,1.546000e+04,0.1940,1.209360e+00,1.140200e+00,6.0656,3.629940e-02,3.633300e-02,-0.0925,7.622600e-01,8.132900e-01,-6.2745
1,3275,9.601040e+00,9.610300e+00,-0.0964,2.049010e+01,2.038800e+01,0.5008,1.599180e+04,1.596000e+04,0.1992,1.213260e+00,1.140100e+00,6.4170,3.572640e-02,3.576100e-02,-0.0968,7.657510e-01,8.192600e-01,-6.5314
1,3300,9.518840e+00,9.528500e+00,-0.1014,2.133990e+01,2.123200e+01,0.5082,1.651470e+04,1.648000e+04,0.2106,1.217330e+00,1.140000e+00,6.7833,3.515220e-02,3.518800e-02,-0.1017,7.691600e-01,8.252800e-01,-6.8001
1,3325,9.434080e+00,9.444200e+00,-0.1072,2.219930e+01,2.208600e+01,0.5130,1.705890e+04,1.702100e+04,0.2227,1.221550e+00,1.140000e+00,7.1535,3.457720e-02,3.461400e-02,-0.1063,7.724800e-01,8.313400e-01,-7.0801
1,3350,9.346900e+00,9.357400e+00,-0.1122,2.306300e+01,2.294400e+01,0.5187,1.762470e+04,1.758400e+04,0.2315,1.225910e+00,1.140100e+00,7.5265,3.400200e-02,3.404000e-02,-0.1116,7.757090e-01,8.374300e-01,-7.3703
1,3375,9.257480e+00,9.268400e+00,-0.1178,2.392520e+01,2.380200e+01,0.5176,1.821200e+04,1.816900e+04,0.2367,1.230360e+00,1.140300e+00,7.8979,3.342730e-02,3.346700e-02,-0.1186,7.788420e-01,8.435600e-01,-7.6720
1,3400,9.166000e+00,9.177400e+00,-0.1242,2.477930e+01,2.465300e+01,0.5123,1.882080e+04,1.877400e+04,0.2493,1.234870e+00,1.140600e+00,8.2649,3.285360e-02,3.289400e-02,-0.1228,7.818760e-01,8.496900e-01,-7.9810
1,3425,9.072680e+00,9.084500e+00,-0.1301,2.561850e+01,2.548900e+01,0.5081,1.945090e+04,1.940100e+04,0.2572,1.239410e+00,1.140900e+00,8.6344,3.228180e-02,3.232300e-02,-0.1275,7.848060e-01,8.558300e-01,-8.2988
1,3450,8.977780e+00,8.989900e+00,-0.1348,2.643560e+01,2.630500e+01,0.4965,2.010160e+04,2.004900e+04,0.2624,1.243940e+00,1.141400e+00,8.9837,3.171260e-02,3.175500e-02,-0.1335,7.876310e-01,8.619500e-01,-8.6222
1,3475,8.881550e+00,8.894100e+00,-0.1411,2.722350e+01,2.709300e+01,0.4817,2.077240e+04,2.071600e+04,0.2723,1.248420e+00,1.141900e+00,9.3283,3.114700e-02,3.119100e-02,-0.1411,7.903470e-01,8.680400e-01,-8.9504
1,3500,8.784280e+00,8.797100e+00,-0.1457,2.797520e+01,2.784500e+01,0.4676,2.146250e+04,2.140300e+04,0.2780,1.252810e+00,1.142500e+00,9.6551,3.058580e-02,3.063000e-02,-0.1443,7.929510e-01,8.740800e-01,-9.2816
1,3525,8.686250e+00,8.699400e+00,-0.1512,2.868400e+01,2.855700e+01,0.4447,2.217080e+04,2.210800e+04,0.2841,1.257070e+00,1.143200e+00,9.9606,3.003000e-02,3.007500e-02,-0.1496,7.954420e-01,8.800500e-01,-9.6140
1,3550,8.587790e+00,8.601200e+00,-0.1559,2.934400e+01,2.922000e+01,0.4244,2.289630e+04,2.283000e+04,0.2904,1.261170e+00,1.143900e+00,10.2518,2.948050e-02,2.952600e-02,-0.1541,7.978170e-01,8.859300e-01,-9.9458
1,3575,8.489170e+00,8.502800e+00,-0.1603,2.994980e+01,2.983100e+01,0.3982,2.363750e+04,2.356900e+04,0.2906,1.265070e+00,1.144700e+00,10.5154,2.893820e-02,2.898500e-02,-0.1615,8.000750e-01,8.917100e-01,-10.2763
1,3600,8.390720e+00,8.404600e+00,-0.1651,3.049680e+01,3.038500e+01,0.3679,2.439330e+04,2.432200e+04,0.2932,1.268750e+00,1.145600e+00,10.7498,2.840390e-02,2.845100e-02,-0.1655,8.022160e-01,8.973500e-01,-10.6017
1,3625,8.292710e+00,8.306700e+00,-0.1684,3.098130e+01,3.087700e+01,0.3378,2.516190e+04,2.508700e+04,0.2986,1.272170e+00,1.146500e+00,10.9612,2.787860e-02,2.792500e-02,-0.1662,8.042380e-01,9.028500e-01,-10.9223
1,3650,8.195440e+00,8.209500e+00,-0.1713,3.140060e+01,3.130500e+01,0.3054,2.594180e+04,2.586500e+04,0.2969,1.275320e+00,1.147400e+00,11.1487,2.736280e-02,2.741000e-02,-0.1722,8.061430e-01,9.081800e-01,-11.2353
1,3675,8.099170e+00,8.113300e+00,-0.1742,3.175290e+01,3.166700e+01,0.2713,2.673130e+04,2.665200e+04,0.2975,1.278190e+00,1.148400e+00,11.3018,2.685750e-02,2.690400e-02,-0.1728,8.079310e-01,9.133200e-01,-11.5391
1,3700,8.004140e+00,8.018300e+00,-0.1766,3.203720e+01,3.196100e+01,0.2384,2.752890e+04,2.744800e+04,0.2947,1.280750e+00,1.149500e+00,11.4180,2.636300e-02,2.641000e-02,-0.1780,8.096060e-01,9.182800e-01,-11.8345
1,3725,7.910590e+00,7.924800e+00,-0.1793,3.225330e+01,3.218800e+01,0.2029,2.833260e+04,2.825000e+04,0.2924,1.283010e+00,1.150600e+00,11.5079,2.588000e-02,2.592600e-02,-0.1774,8.111700e-01,9.230300e-01,-12.1188
1,3750,7.818730e+00,7.832900e+00,-0.1809,3.240190e+01,3.234700e+01,0.1697,2.914100e+04,2.905600e+04,0.2925,1.284950e+00,1.151700e+00,11.5699,2.540890e-02,2.545500e-02,-0.1811,8.126290e-01,9.275600e-01,-12.3907
1,3775,7.728720e+00,7.742800e+00,-0.1818,3.248440e+01,3.244100e+01,0.1338,2.995220e+04,2.986600e+04,0.2886,1.286590e+00,1.152900e+00,11.5960,2.495010e-02,2.499500e-02,-0.1796,8.139870e-01,9.318700e-01,-12.6502
1,3800,7.640740e+00,7.654700e+00,-0.1824,3.250290e+01,3.247000e+01,0.1013,3.076460e+04,3.067800e+04,0.2823,1.287920e+00,1.154100e+00,11.5952,2.450380e-02,2.454800e-02,-0.1801,8.152510e-01,9.359700e-01,-12.8977
1,3825,7.554910e+00,7.568700e+00,-0.1822,3.245970e+01,3.243700e+01,0.0700,3.157680e+04,3.148900e+04,0.2788,1.288960e+00,1.155300e+00,11.5693,2.407020e-02,2.411400e-02,-0.1816,8.164300e-01,9.398400e-01,-13.1310
1,3850,7.471350e+00,7.485000e+00,-0.1824,3.235800e+01,3.234600e+01,0.0371,3.238710e+04,3.229900e+04,0.2728,1.289710e+00,1.156500e+00,11.5184,2.364940e-02,2.369200e-02,-0.1798,8.175310e-01,9.434900e-01,-13.3503
1,3875,7.390160e+00,7.403600e+00,-0.1815,3.220120e+01,3.219800e+01,0.0099,3.319420e+04,3.310600e+04,0.2664,1.290190e+00,1.157800e+00,11.4346,2.324150e-02,2.328400e-02,-0.1825,8.185650e-01,9.469300e-01,-13.5559
1,3900,7.311390e+00,7.324600e+00,-0.1804,3.199290e+01,3.199800e+01,-0.0159,3.399680e+04,3.390900e+04,0.2589,1.290420e+00,1.159100e+00,11.3295,2.284640e-02,2.288700e-02,-0.1774,8.195410e-01,9.501600e-01,-13.7471
1,3925,7.235090e+00,7.248000e+00,-0.1781,3.173730e+01,3.175000e+01,-0.0400,3.479350e+04,3.470600e+04,0.2521,1.290410e+00,1.160400e+00,11.2039,2.246400e-02,2.250400e-02,-0.1777,8.204710e-01,9.532000e-01,-13.9246
1,3950,7.161310e+00,7.174000e+00,-0.1769,3.143840e+01,3.145800e+01,-0.0623,3.558330e+04,3.549600e+04,0.2459,1.290180e+00,1.161700e+00,11.0597,2.209410e-02,2.213300e-02,-0.1758,8.213670e-01,9.560600e-01,-14.0883
1,3975,7.090040e+00,7.102500e+00,-0.1754,3.110050e+01,3.112600e+01,-0.0819,3.636510e+04,3.627800e+04,0.2401,1.289750e+00,1.163000e+00,10.8985,2.173670e-02,2.177500e-02,-0.1759,8.222380e-01,9.587400e-01,-14.2376
