P_atm,T_K,Bc_ss,Bg_ss,hw_ss_MJkg,Bc_Bg0,mass_loss_over_mdote
0.01,300,2.271413e-02,9.085652e-02,-3.123420e+00,8.742740e-02,1.135707e-01
0.01,325,2.282395e-02,9.129581e-02,-3.097714e+00,8.742740e-02,1.141198e-01
0.01,350,2.296700e-02,9.186801e-02,-3.071997e+00,8.742740e-02,1.148350e-01
0.01,375,2.314576e-02,9.258305e-02,-3.046143e+00,8.742740e-02,1.157288e-01
0.01,400,2.336448e-02,9.345793e-02,-3.019903e+00,8.742760e-02,1.168224e-01
0.01,425,2.363026e-02,9.452106e-02,-2.992852e+00,8.742840e-02,1.181513e-01
0.01,450,2.395360e-02,9.581440e-02,-2.964365e+00,8.743120e-02,1.197680e-01
0.01,475,2.434764e-02,9.739054e-02,-2.933578e+00,8.744030e-02,1.217382e-01
0.01,500,2.482698e-02,9.930791e-02,-2.899510e+00,8.746620e-02,1.241349e-01
0.01,525,2.543334e-02,1.017334e-01,-2.861211e+00,8.753210e-02,1.271667e-01
0.01,550,2.614449e-02,1.045780e-01,-2.817396e+00,8.768580e-02,1.307225e-01
0.01,575,2.700244e-02,1.080097e-01,-2.767876e+00,8.801610e-02,1.350122e-01
0.01,600,2.803695e-02,1.121478e-01,-2.711530e+00,8.867750e-02,1.401848e-01
0.01,625,2.932482e-02,1.172993e-01,-2.646328e+00,8.991850e-02,1.466241e-01
0.01,650,3.100465e-02,1.240186e-01,-2.568221e+00,9.210920e-02,1.550233e-01
0.01,675,3.330035e-02,1.332014e-01,-2.470656e+00,9.575030e-02,1.665018e-01
0.01,700,3.652736e-02,1.461094e-01,-2.344978e+00,1.014280e-01,1.826368e-01
0.01,725,4.106633e-02,1.642653e-01,-2.181338e+00,1.096580e-01,2.053317e-01
0.01,750,4.717019e-02,1.886807e-01,-1.977112e+00,1.205450e-01,2.358509e-01
0.01,775,5.472278e-02,2.188911e-01,-1.740876e+00,1.333250e-01,2.736139e-01
0.01,800,6.289215e-02,2.515686e-01,-1.499470e+00,1.461720e-01,3.144607e-01
0.01,825,7.030911e-02,2.812364e-01,-1.285851e+00,1.569380e-01,3.515455e-01
0.01,850,7.590352e-02,3.036141e-01,-1.121640e+00,1.644860e-01,3.795176e-01
0.01,875,7.953543e-02,3.181417e-01,-1.004385e+00,1.690950e-01,3.976772e-01
0.01,900,8.168290e-02,3.267316e-01,-9.202449e-01,1.716880e-01,4.084145e-01
0.01,925,8.289869e-02,3.315948e-01,-8.563878e-01,1.730970e-01,4.144935e-01
0.01,950,8.358040e-02,3.343216e-01,-8.039275e-01,1.738600e-01,4.179020e-01
0.01,975,8.396602e-02,3.358641e-01,-7.576715e-01,1.742790e-01,4.198301e-01
0.01,1000,8.418803e-02,3.367521e-01,-7.147682e-01,1.745130e-01,4.209401e-01
0.01,1025,8.431865e-02,3.372746e-01,-6.736765e-01,1.746470e-01,4.215932e-01
0.01,1050,8.439739e-02,3.375895e-01,-6.335591e-01,1.747250e-01,4.219869e-01
0.01,1075,8.444607e-02,3.377843e-01,-5.939507e-01,1.747720e-01,4.222303e-01
0.01,1100,8.447704e-02,3.379081e-01,-5.545884e-01,1.748010e-01,4.223852e-01
0.01,1125,8.449750e-02,3.379900e-01,-5.153200e-01,1.748190e-01,4.224875e-01
0.01,1150,8.451166e-02,3.380466e-01,-4.760564e-01,1.748310e-01,4.225583e-01
0.01,1175,8.452207e-02,3.380883e-01,-4.367444e-01,1.748380e-01,4.226104e-01
0.01,1200,8.453044e-02,3.381218e-01,-3.973496e-01,1.748430e-01,4.226522e-01
0.01,1225,8.453773e-02,3.381509e-01,-3.578505e-01,1.748470e-01,4.226887e-01
0.01,1250,8.454481e-02,3.381792e-01,-3.182319e-01,1.748490e-01,4.227241e-01
0.01,1275,8.455214e-02,3.382086e-01,-2.784839e-01,1.748510e-01,4.227607e-01
0.01,1300,8.456022e-02,3.382409e-01,-2.385981e-01,1.748520e-01,4.228011e-01
0.01,1325,8.456940e-02,3.382776e-01,-1.985656e-01,1.748520e-01,4.228470e-01
0.01,1350,8.458002e-02,3.383201e-01,-1.583785e-01,1.748530e-01,4.229001e-01
0.01,1375,8.459245e-02,3.383698e-01,-1.180283e-01,1.748530e-01,4.229622e-01
0.01,1400,8.460700e-02,3.384280e-01,-7.750486e-02,1.748540e-01,4.230350e-01
0.01,1425,8.462408e-02,3.384963e-01,-3.679598e-02,1.748540e-01,4.231204e-01
0.01,1450,8.464398e-02,3.385759e-01,4.112539e-03,1.748540e-01,4.232199e-01
0.01,1475,8.466719e-02,3.386688e-01,4.523770e-02,1.748540e-01,4.233360e-01
0.01,1500,8.469404e-02,3.387762e-01,8.659976e-02,1.748540e-01,4.234702e-01
0.01,1525,8.472501e-02,3.389000e-01,1.282227e-01,1.748540e-01,4.236251e-01
0.01,1550,8.476061e-02,3.390424e-01,1.701351e-01,1.748550e-01,4.238030e-01
0.01,1575,8.480131e-02,3.392052e-01,2.123708e-01,1.748550e-01,4.240065e-01
0.01,1600,8.484766e-02,3.393907e-01,2.549679e-01,1.748550e-01,4.242383e-01
0.01,1625,8.490023e-02,3.396009e-01,2.979726e-01,1.748550e-01,4.245012e-01
0.01,1650,8.495960e-02,3.398384e-01,3.414381e-01,1.748550e-01,4.247980e-01
0.01,1675,8.502650e-02,3.401060e-01,3.854247e-01,1.748550e-01,4.251325e-01
0.01,1700,8.510148e-02,3.404059e-01,4.300012e-01,1.748550e-01,4.255074e-01
0.01,1725,8.518533e-02,3.407413e-01,4.752482e-01,1.748550e-01,4.259266e-01
0.01,1750,8.527878e-02,3.411151e-01,5.212553e-01,1.748550e-01,4.263939e-01
0.01,1775,8.538254e-02,3.415302e-01,5.681246e-01,1.748550e-01,4.269127e-01
0.01,1800,8.549753e-02,3.419901e-01,6.159717e-01,1.748550e-01,4.274876e-01
0.01,1825,8.562453e-02,3.424981e-01,6.649255e-01,1.748550e-01,4.281227e-01
0.01,1850,8.576444e-02,3.430577e-01,7.151285e-01,1.748550e-01,4.288222e-01
0.01,1875,8.591813e-02,3.436725e-01,7.667417e-01,1.748550e-01,4.295906e-01
0.01,1900,8.608655e-02,3.443462e-01,8.199421e-01,1.748550e-01,4.304328e-01
0.01,1925,8.627068e-02,3.450827e-01,8.749241e-01,1.748560e-01,4.313534e-01
0.01,1950,8.647150e-02,3.458860e-01,9.319025e-01,1.748560e-01,4.323575e-01
0.01,1975,8.668994e-02,3.467597e-01,9.911111e-01,1.748570e-01,4.334497e-01
0.01,2000,8.692710e-02,3.477084e-01,1.052804e+00,1.748570e-01,4.346355e-01
0.01,2025,8.718395e-02,3.487358e-01,1.117263e+00,1.748580e-01,4.359198e-01
0.01,2050,8.746155e-02,3.498462e-01,1.184777e+00,1.748600e-01,4.373078e-01
0.01,2075,8.776088e-02,3.510435e-01,1.255674e+00,1.748610e-01,4.388044e-01
0.01,2100,8.808295e-02,3.523318e-01,1.330295e+00,1.748640e-01,4.404148e-01
0.01,2125,8.842879e-02,3.537152e-01,1.409005e+00,1.748670e-01,4.421440e-01
0.01,2150,8.879932e-02,3.551973e-01,1.492184e+00,1.748710e-01,4.439966e-01
0.01,2175,8.919543e-02,3.567817e-01,1.580249e+00,1.748760e-01,4.459771e-01
0.01,2200,8.961796e-02,3.584719e-01,1.673620e+00,1.748820e-01,4.480898e-01
0.01,2225,9.006765e-02,3.602706e-01,1.772738e+00,1.748910e-01,4.503383e-01
0.01,2250,9.054544e-02,3.621818e-01,1.878066e+00,1.749010e-01,4.527272e-01
0.01,2275,9.105185e-02,3.642074e-01,1.990074e+00,1.749150e-01,4.552593e-01
0.01,2300,9.158729e-02,3.663492e-01,2.109234e+00,1.749330e-01,4.579365e-01
0.01,2325,9.215234e-02,3.686093e-01,2.236035e+00,1.749550e-01,4.607617e-01
0.01,2350,9.274741e-02,3.709896e-01,2.370954e+00,1.749830e-01,4.637370e-01
0.01,2375,9.337298e-02,3.734919e-01,2.514479e+00,1.750190e-01,4.668649e-01
0.01,2400,9.402934e-02,3.761174e-01,2.667062e+00,1.750640e-01,4.701467e-01
0.01,2425,9.471713e-02,3.788685e-01,2.829177e+00,1.751210e-01,4.735856e-01
0.01,2450,9.543718e-02,3.817487e-01,3.001255e+00,1.751930e-01,4.771859e-01
0.01,2475,9.619052e-02,3.847621e-01,3.183706e+00,1.752830e-01,4.809526e-01
0.01,2500,9.697923e-02,3.879169e-01,3.376944e+00,1.753970e-01,4.848961e-01
0.01,2525,9.780631e-02,3.912253e-01,3.581368e+00,1.755420e-01,4.890316e-01
0.01,2550,9.867650e-02,3.947060e-01,3.797380e+00,1.757240e-01,4.933825e-01
0.01,2575,9.959684e-02,3.983874e-01,4.025438e+00,1.759560e-01,4.979842e-01
0.01,2600,1.005727e-01,4.022907e-01,4.264786e+00,1.762500e-01,5.028634e-01
0.01,2625,1.016196e-01,4.064782e-01,4.516043e+00,1.766250e-01,5.080978e-01
0.01,2650,1.027618e-01,4.110473e-01,4.780881e+00,1.771020e-01,5.138091e-01
0.01,2675,1.040294e-01,4.161174e-01,5.060504e+00,1.777120e-01,5.201468e-01
0.01,2700,1.054651e-01,4.218605e-01,5.356690e+00,1.784920e-01,5.273257e-01
0.01,2725,1.071275e-01,4.285100e-01,5.672053e+00,1.794920e-01,5.356376e-01
0.01,2750,1.090989e-01,4.363955e-01,6.010470e+00,1.807730e-01,5.454944e-01
0.01,2775,1.114926e-01,4.459704e-01,6.377557e+00,1.824180e-01,5.574630e-01
0.01,2800,1.144689e-01,4.578755e-01,6.781537e+00,1.845300e-01,5.723444e-01
0.01,2825,1.182524e-01,4.730097e-01,7.234269e+00,1.872440e-01,5.912621e-01
0.01,2850,1.231697e-01,4.926790e-01,7.753139e+00,1.907320e-01,6.158487e-01
0.01,2875,1.296460e-01,5.185839e-01,8.344979e+00,1.952160e-01,6.482298e-01
0.01,2900,1.384184e-01,5.536736e-01,9.047503e+00,2.009830e-01,6.920920e-01
0.01,2925,1.506718e-01,6.026871e-01,9.918863e+00,2.084040e-01,7.533588e-01
0.01,2950,1.682317e-01,6.729267e-01,1.098510e+01,2.179610e-01,8.411583e-01
0.01,2975,1.947221e-01,7.788885e-01,1.236012e+01,2.302840e-01,9.736106e-01
0.01,3000,2.374235e-01,9.496939e-01,1.416111e+01,2.462070e-01,1.187117e+00
0.01,3025,3.141897e-01,1.256759e+00,1.657449e+01,2.668450e-01,1.570948e+00
0.01,3050,4.832937e-01,1.933175e+00,1.996633e+01,2.937140e-01,2.416469e+00
0.01,3075,1.084182e+00,4.336726e+00,2.472602e+01,3.289150e-01,5.420908e+00
0.01,3100,3.219780e+00,1.000000e+01,2.804240e+01,3.754420e-01,1.609890e+01
0.01,3125,4.946540e+00,1.000000e+01,2.864690e+01,4.376960e-01,2.473270e+01
0.01,3150,7.312410e+00,1.000000e+01,2.914040e+01,5.224210e-01,3.656205e+01
0.01,3175,1.062600e+01,1.000000e+01,2.951790e+01,6.405000e-01,5.313000e+01
0.01,3200,1.541640e+01,1.000000e+01,2.978030e+01,8.107130e-01,7.708200e+01
0.01,3225,2.267330e+01,1.000000e+01,2.993410e+01,1.068510e+00,1.133665e+02
0.01,3250,3.449080e+01,1.000000e+01,2.999040e+01,1.489770e+00,1.724540e+02
0.01,3275,5.620790e+01,1.000000e+01,2.996310e+01,2.271130e+00,2.810395e+02
0.01,3300,1.066650e+02,1.000000e+01,2.986610e+01,4.124530e+00,5.333250e+02
0.01,3325,3.339580e+02,1.000000e+01,2.971170e+01,1.297250e+01,1.669790e+03
0.01,3350,1.000000e+03,1.000000e+01,2.980830e+01,2.000000e+02,5.000000e+03
0.01,3375,1.000000e+03,1.000000e+01,3.009650e+01,2.000000e+02,5.000000e+03
0.01,3400,1.000000e+03,1.000000e+01,3.040720e+01,2.000000e+02,5.000000e+03
0.01,3425,1.000000e+03,1.000000e+01,3.074250e+01,2.000000e+02,5.000000e+03
0.01,3450,1.000000e+03,1.000000e+01,3.110480e+01,2.000000e+02,5.000000e+03
0.01,3475,1.000000e+03,1.000000e+01,3.149660e+01,2.000000e+02,5.000000e+03
0.01,3500,1.000000e+03,1.000000e+01,3.192060e+01,2.000000e+02,5.000000e+03
0.01,3525,1.000000e+03,1.000000e+01,3.237960e+01,2.000000e+02,5.000000e+03
0.01,3550,1.000000e+03,1.000000e+01,3.287670e+01,2.000000e+02,5.000000e+03
0.01,3575,1.000000e+03,1.000000e+01,3.341500e+01,2.000000e+02,5.000000e+03
0.01,3600,1.000000e+03,1.000000e+01,3.399770e+01,2.000000e+02,5.000000e+03
0.01,3625,1.000000e+03,1.000000e+01,3.462810e+01,2.000000e+02,5.000000e+03
0.01,3650,1.000000e+03,1.000000e+01,3.530940e+01,2.000000e+02,5.000000e+03
0.01,3675,1.000000e+03,1.000000e+01,3.604470e+01,2.000000e+02,5.000000e+03
0.01,3700,1.000000e+03,1.000000e+01,3.683700e+01,2.000000e+02,5.000000e+03
0.01,3725,1.000000e+03,1.000000e+01,3.768870e+01,2.000000e+02,5.000000e+03
0.01,3750,1.000000e+03,1.000000e+01,3.860180e+01,2.000000e+02,5.000000e+03
0.01,3775,1.000000e+03,1.000000e+01,3.957710e+01,2.000000e+02,5.000000e+03
0.01,3800,1.000000e+03,1.000000e+01,4.061460e+01,2.000000e+02,5.000000e+03
0.01,3825,1.000000e+03,1.000000e+01,4.171280e+01,2.000000e+02,5.000000e+03
0.01,3850,1.000000e+03,1.000000e+01,4.286830e+01,2.000000e+02,5.000000e+03
0.01,3875,1.000000e+03,1.000000e+01,4.407590e+01,2.000000e+02,5.000000e+03
0.01,3900,1.000000e+03,1.000000e+01,4.532820e+01,2.000000e+02,5.000000e+03
0.01,3925,1.000000e+03,1.000000e+01,4.661550e+01,2.000000e+02,5.000000e+03
0.01,3950,1.000000e+03,1.000000e+01,4.792620e+01,2.000000e+02,5.000000e+03
0.01,3975,1.000000e+03,1.000000e+01,4.924690e+01,2.000000e+02,5.000000e+03
0.01,4000,1.000000e+03,1.000000e+01,5.056290e+01,2.000000e+02,5.000000e+03
1,300,2.271357e-02,9.085427e-02,-3.123428e+00,8.742740e-02,1.135678e-01
1,325,2.282172e-02,9.128687e-02,-3.097751e+00,8.742740e-02,1.141086e-01
1,350,2.295983e-02,9.183934e-02,-3.072132e+00,8.742740e-02,1.147992e-01
1,375,2.312634e-02,9.250536e-02,-3.046540e+00,8.742740e-02,1.156317e-01
1,400,2.331846e-02,9.327383e-02,-3.020908e+00,8.742740e-02,1.165923e-01
1,425,2.353294e-02,9.413176e-02,-2.995159e+00,8.742750e-02,1.176647e-01
1,450,2.376673e-02,9.506693e-02,-2.969188e+00,8.742780e-02,1.188337e-01
1,475,2.401742e-02,9.606967e-02,-2.942829e+00,8.742870e-02,1.200871e-01
1,500,2.428345e-02,9.713378e-02,-2.915920e+00,8.743130e-02,1.214172e-01
1,525,2.456428e-02,9.825713e-02,-2.888201e+00,8.743790e-02,1.228214e-01
1,550,2.486067e-02,9.944268e-02,-2.859399e+00,8.745330e-02,1.243034e-01
1,575,2.518774e-02,1.007509e-01,-2.829162e+00,8.748640e-02,1.259387e-01
1,600,2.554285e-02,1.021714e-01,-2.796939e+00,8.755310e-02,1.277143e-01
1,625,2.593282e-02,1.037313e-01,-2.762360e+00,8.767910e-02,1.296641e-01
1,650,2.636984e-02,1.054794e-01,-2.724749e+00,8.790490e-02,1.318492e-01
1,675,2.687652e-02,1.075061e-01,-2.683321e+00,8.829040e-02,1.343826e-01
1,700,2.748633e-02,1.099453e-01,-2.637073e+00,8.891990e-02,1.374317e-01
1,725,2.824597e-02,1.129839e-01,-2.584690e+00,8.990710e-02,1.412298e-01
1,750,2.921777e-02,1.168711e-01,-2.524441e+00,9.139750e-02,1.460888e-01
1,775,3.048121e-02,1.219248e-01,-2.454139e+00,9.356630e-02,1.524061e-01
1,800,3.213271e-02,1.285308e-01,-2.371164e+00,9.660980e-02,1.606636e-01
1,825,3.428215e-02,1.371286e-01,-2.272691e+00,1.007230e-01,1.714107e-01
1,850,3.704273e-02,1.481709e-01,-2.156103e+00,1.060640e-01,1.852136e-01
1,875,4.056651e-02,1.622660e-01,-2.018809e+00,1.126920e-01,2.028325e-01
1,900,4.484171e-02,1.793668e-01,-1.861948e+00,1.205010e-01,2.242086e-01
1,925,4.979936e-02,1.991974e-01,-1.689279e+00,1.291540e-01,2.489968e-01
1,950,5.528205e-02,2.211282e-01,-1.506697e+00,1.380810e-01,2.764103e-01
1,975,6.088286e-02,2.435315e-01,-1.325624e+00,1.465810e-01,3.044143e-01
1,1000,6.619748e-02,2.647899e-01,-1.155626e+00,1.540180e-01,3.309874e-01
1,1025,7.083751e-02,2.833500e-01,-1.004994e+00,1.600210e-01,3.541876e-01
1,1050,7.459760e-02,2.983904e-01,-8.770506e-01,1.645470e-01,3.729880e-01
1,1075,7.746914e-02,3.098766e-01,-7.706242e-01,1.677850e-01,3.873457e-01
1,1100,7.956921e-02,3.182768e-01,-6.822148e-01,1.700260e-01,3.978460e-01
1,1125,8.106462e-02,3.242585e-01,-6.076129e-01,1.715470e-01,4.053231e-01
1,1150,8.211159e-02,3.284464e-01,-5.432109e-01,1.725730e-01,4.105579e-01
1,1175,8.283955e-02,3.313582e-01,-4.860609e-01,1.732640e-01,4.141978e-01
1,1200,8.334593e-02,3.333837e-01,-4.339595e-01,1.737340e-01,4.167297e-01
1,1225,8.369991e-02,3.347997e-01,-3.853443e-01,1.740550e-01,4.184996e-01
1,1250,8.394949e-02,3.357980e-01,-3.391279e-01,1.742770e-01,4.197474e-01
1,1275,8.412758e-02,3.365103e-01,-2.945570e-01,1.744330e-01,4.206379e-01
1,1300,8.425671e-02,3.370269e-01,-2.511120e-01,1.745430e-01,4.212836e-01
1,1325,8.435227e-02,3.374091e-01,-2.084308e-01,1.746210e-01,4.217613e-01
1,1350,8.442495e-02,3.376998e-01,-1.662587e-01,1.746780e-01,4.221247e-01
1,1375,8.448217e-02,3.379287e-01,-1.244161e-01,1.747200e-01,4.224109e-01
1,1400,8.452931e-02,3.381172e-01,-8.277261e-02,1.747510e-01,4.226466e-01
1,1425,8.457013e-02,3.382805e-01,-4.123292e-02,1.747740e-01,4.228507e-01
1,1450,8.460744e-02,3.384298e-01,2.741994e-04,1.747910e-01,4.230372e-01
1,1475,8.464334e-02,3.385734e-01,4.180335e-02,1.748040e-01,4.232167e-01
1,1500,8.467958e-02,3.387183e-01,8.339785e-02,1.748150e-01,4.233979e-01
1,1525,8.471743e-02,3.388697e-01,1.250930e-01,1.748220e-01,4.235872e-01
1,1550,8.475803e-02,3.390321e-01,1.669190e-01,1.748290e-01,4.237902e-01
1,1575,8.480242e-02,3.392097e-01,2.089013e-01,1.748330e-01,4.240121e-01
1,1600,8.485140e-02,3.394056e-01,2.510660e-01,1.748370e-01,4.242570e-01
1,1625,8.490589e-02,3.396236e-01,2.934347e-01,1.748400e-01,4.245295e-01
1,1650,8.496663e-02,3.398665e-01,3.360313e-01,1.748430e-01,4.248331e-01
1,1675,8.503448e-02,3.401379e-01,3.788795e-01,1.748450e-01,4.251724e-01
1,1700,8.511013e-02,3.404405e-01,4.220007e-01,1.748460e-01,4.255506e-01
1,1725,8.519448e-02,3.407779e-01,4.654227e-01,1.748480e-01,4.259724e-01
1,1750,8.528828e-02,3.411531e-01,5.091687e-01,1.748490e-01,4.264414e-01
1,1775,8.539244e-02,3.415697e-01,5.532691e-01,1.748500e-01,4.269622e-01
1,1800,8.550776e-02,3.420310e-01,5.977528e-01,1.748500e-01,4.275388e-01
1,1825,8.563519e-02,3.425408e-01,6.426512e-01,1.748510e-01,4.281759e-01
1,1850,8.577569e-02,3.431028e-01,6.879993e-01,1.748510e-01,4.288784e-01
1,1875,8.593023e-02,3.437209e-01,7.338341e-01,1.748520e-01,4.296511e-01
1,1900,8.609980e-02,3.443992e-01,7.801951e-01,1.748520e-01,4.304990e-01
1,1925,8.628551e-02,3.451420e-01,8.271259e-01,1.748530e-01,4.314275e-01
1,1950,8.648846e-02,3.459538e-01,8.746707e-01,1.748530e-01,4.324423e-01
1,1975,8.670983e-02,3.468393e-01,9.228800e-01,1.748530e-01,4.335492e-01
1,2000,8.695078e-02,3.478031e-01,9.718067e-01,1.748540e-01,4.347539e-01
1,2025,8.721260e-02,3.488504e-01,1.021504e+00,1.748540e-01,4.360630e-01
1,2050,8.749660e-02,3.499864e-01,1.072035e+00,1.748540e-01,4.374830e-01
1,2075,8.780418e-02,3.512167e-01,1.123466e+00,1.748540e-01,4.390209e-01
1,2100,8.813672e-02,3.525469e-01,1.175864e+00,1.748550e-01,4.406836e-01
1,2125,8.849569e-02,3.539828e-01,1.229297e+00,1.748550e-01,4.424785e-01
1,2150,8.888270e-02,3.555308e-01,1.283844e+00,1.748560e-01,4.444135e-01
1,2175,8.929934e-02,3.571973e-01,1.339596e+00,1.748560e-01,4.464967e-01
1,2200,8.974724e-02,3.589890e-01,1.396638e+00,1.748570e-01,4.487362e-01
1,2225,9.022812e-02,3.609125e-01,1.455052e+00,1.748580e-01,4.511406e-01
1,2250,9.074397e-02,3.629759e-01,1.514942e+00,1.748590e-01,4.537199e-01
1,2275,9.129674e-02,3.651870e-01,1.576420e+00,1.748600e-01,4.564837e-01
1,2300,9.188801e-02,3.675521e-01,1.639585e+00,1.748620e-01,4.594401e-01
1,2325,9.252030e-02,3.700812e-01,1.704557e+00,1.748640e-01,4.626015e-01
1,2350,9.319556e-02,3.727822e-01,1.771456e+00,1.748670e-01,4.659778e-01
1,2375,9.391615e-02,3.756646e-01,1.840416e+00,1.748700e-01,4.695807e-01
1,2400,9.468443e-02,3.787377e-01,1.911564e+00,1.748740e-01,4.734222e-01
1,2425,9.550291e-02,3.820116e-01,1.985061e+00,1.748790e-01,4.775145e-01
1,2450,9.637422e-02,3.854969e-01,2.061033e+00,1.748850e-01,4.818711e-01
1,2475,9.730115e-02,3.892046e-01,2.139664e+00,1.748920e-01,4.865057e-01
1,2500,9.828658e-02,3.931463e-01,2.221121e+00,1.749010e-01,4.914329e-01
1,2525,9.933372e-02,3.973349e-01,2.305568e+00,1.749120e-01,4.966686e-01
1,2550,1.004423e-01,4.017690e-01,2.392849e+00,1.749250e-01,5.022113e-01
1,2575,1.016122e-01,4.064490e-01,2.482842e+00,1.749400e-01,5.080612e-01
1,2600,1.028522e-01,4.114087e-01,2.576257e+00,1.749590e-01,5.142608e-01
1,2625,1.041668e-01,4.166673e-01,2.673321e+00,1.749820e-01,5.208341e-01
1,2650,1.055590e-01,4.222359e-01,2.774234e+00,1.750090e-01,5.277949e-01
1,2675,1.070337e-01,4.281349e-01,2.879233e+00,1.750410e-01,5.351686e-01
1,2700,1.085960e-01,4.343841e-01,2.988570e+00,1.750800e-01,5.429802e-01
1,2725,1.102507e-01,4.410027e-01,3.102519e+00,1.751260e-01,5.512534e-01
1,2750,1.120041e-01,4.480165e-01,3.221367e+00,1.751820e-01,5.600207e-01
1,2775,1.138625e-01,4.554502e-01,3.345433e+00,1.752470e-01,5.693127e-01
1,2800,1.158336e-01,4.633346e-01,3.475071e+00,1.753260e-01,5.791682e-01
1,2825,1.179261e-01,4.717043e-01,3.610667e+00,1.754190e-01,5.896304e-01
1,2850,1.201487e-01,4.805948e-01,3.752659e+00,1.755300e-01,6.007435e-01
1,2875,1.225136e-01,4.900545e-01,3.901529e+00,1.756620e-01,6.125682e-01
1,2900,1.250332e-01,5.001327e-01,4.057792e+00,1.758190e-01,6.251658e-01
1,2925,1.276798e-01,5.107190e-01,4.218050e+00,1.760070e-01,6.383988e-01
1,2950,1.305068e-01,5.220271e-01,4.386383e+00,1.762310e-01,6.525339e-01
1,2975,1.335359e-01,5.341435e-01,4.563553e+00,1.764980e-01,6.676794e-01
1,3000,1.367921e-01,5.471683e-01,4.750451e+00,1.768170e-01,6.839603e-01
1,3025,1.403071e-01,5.612285e-01,4.948136e+00,1.771980e-01,7.015356e-01
1,3050,1.441190e-01,5.764759e-01,5.157883e+00,1.776540e-01,7.205949e-01
1,3075,1.482765e-01,5.931060e-01,5.381239e+00,1.781990e-01,7.413825e-01
1,3100,1.527899e-01,6.111597e-01,5.615324e+00,1.788520e-01,7.639496e-01
1,3125,1.577390e-01,6.309562e-01,5.862923e+00,1.796340e-01,7.886952e-01
1,3150,1.632490e-01,6.529961e-01,6.129435e+00,1.805710e-01,8.162451e-01
1,3175,1.694431e-01,6.777723e-01,6.418210e+00,1.816940e-01,8.472154e-01
1,3200,1.764578e-01,7.058312e-01,6.731075e+00,1.830410e-01,8.822890e-01
1,3225,1.844082e-01,7.376330e-01,7.064378e+00,1.846570e-01,9.220412e-01
1,3250,1.936692e-01,7.746770e-01,7.433329e+00,1.865960e-01,9.683462e-01
1,3275,2.045486e-01,8.181943e-01,7.839433e+00,1.889220e-01,1.022743e+00
1,3300,2.175063e-01,8.700251e-01,8.287188e+00,1.917140e-01,1.087531e+00
1,3325,2.332690e-01,9.330758e-01,8.788844e+00,1.950630e-01,1.166345e+00
1,3350,2.528304e-01,1.011322e+00,9.354326e+00,1.990830e-01,1.264152e+00
1,3375,2.775499e-01,1.110200e+00,9.985302e+00,2.039090e-01,1.387750e+00
1,3400,3.101035e-01,1.240414e+00,1.072317e+01,2.097030e-01,1.550518e+00
1,3425,3.541448e-01,1.416579e+00,1.156616e+01,2.166610e-01,1.770724e+00
1,3450,4.167820e-01,1.667128e+00,1.254758e+01,2.250230e-01,2.083910e+00
1,3475,5.121699e-01,2.048679e+00,1.371533e+01,2.350790e-01,2.560849e+00
1,3500,6.713414e-01,2.685366e+00,1.508952e+01,2.471860e-01,3.356707e+00
1,3525,9.826416e-01,3.930566e+00,1.673419e+01,2.617830e-01,4.913208e+00
1,3550,1.802902e+00,7.211610e+00,1.863404e+01,2.794180e-01,9.014512e+00
1,3575,2.888820e+00,1.000000e+01,1.986270e+01,3.007760e-01,1.444410e+01
1,3600,3.580030e+00,1.000000e+01,2.062850e+01,3.267310e-01,1.790015e+01
1,3625,4.412340e+00,1.000000e+01,2.141720e+01,3.584030e-01,2.206170e+01
1,3650,5.423120e+00,1.000000e+01,2.222420e+01,3.972620e-01,2.711560e+01
1,3675,6.662460e+00,1.000000e+01,2.304280e+01,4.452610e-01,3.331230e+01
1,3700,8.198910e+00,1.000000e+01,2.386530e+01,5.050640e-01,4.099455e+01
1,3725,1.012870e+01,1.000000e+01,2.468200e+01,5.803910e-01,5.064350e+01
1,3750,1.259100e+01,1.000000e+01,2.548200e+01,6.766060e-01,6.295500e+01
1,3775,1.579480e+01,1.000000e+01,2.625320e+01,8.017320e-01,7.897400e+01
1,3800,2.006790e+01,1.000000e+01,2.698290e+01,9.683390e-01,1.003395e+02
1,3825,2.595440e+01,1.000000e+01,2.765770e+01,1.197290e+00,1.297720e+02
1,3850,3.442560e+01,1.000000e+01,2.826430e+01,1.525910e+00,1.721280e+02
1,3875,4.739530e+01,1.000000e+01,2.878940e+01,2.028090e+00,2.369765e+02
1,3900,6.920720e+01,1.000000e+01,2.921960e+01,2.873260e+00,3.460360e+02
1,3925,1.122090e+02,1.000000e+01,2.954070e+01,4.551670e+00,5.610450e+02
1,3950,2.303980e+02,1.000000e+01,2.973620e+01,9.282250e+00,1.151990e+03
1,3975,1.000000e+03,1.000000e+01,2.980580e+01,7.056540e+01,5.000000e+03
1,4000,1.000000e+03,1.000000e+01,2.998990e+01,2.000000e+02,5.000000e+03
