P_atm,T_K,Bc_ss,Bg_ss,hw_ss_MJkg,Bc_Bg0,Bc_kmin,Bc_kmax,recession_over_mdote_m3_per_kg
0.01,300,7.634150e-02,1.387125e-02,-2.709074e+00,8.742740e-02,7.740018e-02,7.538923e-02,6.216734e-05
0.01,325,7.635579e-02,1.387385e-02,-2.684033e+00,8.742740e-02,7.741329e-02,7.540456e-02,6.217898e-05
0.01,350,7.637609e-02,1.387754e-02,-2.658770e+00,8.742740e-02,7.743191e-02,7.542634e-02,6.219552e-05
0.01,375,7.640508e-02,1.388280e-02,-2.633259e+00,8.742740e-02,7.745848e-02,7.545742e-02,6.221912e-05
0.01,400,7.644811e-02,1.389062e-02,-2.607450e+00,8.742760e-02,7.749795e-02,7.550356e-02,6.225416e-05
0.01,425,7.651384e-02,1.390257e-02,-2.581230e+00,8.742840e-02,7.755828e-02,7.557401e-02,6.230769e-05
0.01,450,7.661546e-02,1.392103e-02,-2.554436e+00,8.743120e-02,7.765166e-02,7.568283e-02,6.239044e-05
0.01,475,7.677128e-02,1.394934e-02,-2.526829e+00,8.744030e-02,7.779521e-02,7.584938e-02,6.251733e-05
0.01,500,7.700483e-02,1.399178e-02,-2.498078e+00,8.746620e-02,7.801131e-02,7.609816e-02,6.270751e-05
0.01,525,7.734532e-02,1.405364e-02,-2.467707e+00,8.753210e-02,7.832863e-02,7.645893e-02,6.298479e-05
0.01,550,7.783284e-02,1.414223e-02,-2.434995e+00,8.768580e-02,7.878783e-02,7.697127e-02,6.338179e-05
0.01,575,7.853216e-02,1.426929e-02,-2.398769e+00,8.801610e-02,7.945569e-02,7.769817e-02,6.395127e-05
0.01,600,7.955922e-02,1.445591e-02,-2.356956e+00,8.867750e-02,8.045157e-02,7.875256e-02,6.478764e-05
0.01,625,8.111765e-02,1.473908e-02,-2.306040e+00,8.991850e-02,8.198322e-02,8.033440e-02,6.605672e-05
0.01,650,8.353498e-02,1.517831e-02,-2.240583e+00,9.210920e-02,8.438229e-02,8.276748e-02,6.802522e-05
0.01,675,8.727730e-02,1.585828e-02,-2.153105e+00,9.575030e-02,8.811843e-02,8.651467e-02,7.107272e-05
0.01,700,9.291091e-02,1.688191e-02,-2.034948e+00,1.014280e-01,9.376019e-02,9.214017e-02,7.566035e-05
0.01,725,1.009532e-01,1.834320e-02,-1.878997e+00,1.096580e-01,1.018251e-01,1.001612e-01,8.220947e-05
0.01,750,1.115522e-01,2.026903e-02,-1.684944e+00,1.205450e-01,1.124567e-01,1.107326e-01,9.084052e-05
0.01,775,1.240174e-01,2.253396e-02,-1.465774e+00,1.333250e-01,1.249558e-01,1.231632e-01,1.009914e-04
0.01,800,1.366065e-01,2.482139e-02,-1.249256e+00,1.461720e-01,1.375759e-01,1.357233e-01,1.112430e-04
0.01,825,1.472161e-01,2.674916e-02,-1.065688e+00,1.569380e-01,1.482053e-01,1.463142e-01,1.198828e-04
0.01,850,1.546963e-01,2.810832e-02,-9.294407e-01,1.644860e-01,1.556951e-01,1.537853e-01,1.259742e-04
0.01,875,1.592890e-01,2.894281e-02,-8.350780e-01,1.690950e-01,1.602911e-01,1.583746e-01,1.297141e-04
0.01,900,1.618874e-01,2.941493e-02,-7.689744e-01,1.716880e-01,1.628900e-01,1.609724e-01,1.318301e-04
0.01,925,1.633074e-01,2.967295e-02,-7.192968e-01,1.730970e-01,1.643096e-01,1.623927e-01,1.329865e-04
0.01,950,1.640816e-01,2.981363e-02,-6.785158e-01,1.738600e-01,1.650831e-01,1.631675e-01,1.336170e-04
0.01,975,1.645081e-01,2.989112e-02,-6.424281e-01,1.742790e-01,1.655089e-01,1.635945e-01,1.339642e-04
0.01,1000,1.647487e-01,2.993485e-02,-6.087955e-01,1.745130e-01,1.657490e-01,1.638357e-01,1.341602e-04
0.01,1025,1.648875e-01,2.996006e-02,-5.764434e-01,1.746470e-01,1.658875e-01,1.639747e-01,1.342732e-04
0.01,1050,1.649692e-01,2.997490e-02,-5.447495e-01,1.747250e-01,1.659689e-01,1.640566e-01,1.343397e-04
0.01,1075,1.650187e-01,2.998390e-02,-5.133779e-01,1.747720e-01,1.660183e-01,1.641063e-01,1.343801e-04
0.01,1100,1.650494e-01,2.998948e-02,-4.821453e-01,1.748010e-01,1.660488e-01,1.641372e-01,1.344051e-04
0.01,1125,1.650697e-01,2.999317e-02,-4.509495e-01,1.748190e-01,1.660690e-01,1.641575e-01,1.344216e-04
0.01,1150,1.650829e-01,2.999557e-02,-4.197320e-01,1.748310e-01,1.660820e-01,1.641709e-01,1.344324e-04
0.01,1175,1.650924e-01,2.999729e-02,-3.884594e-01,1.748380e-01,1.660912e-01,1.641806e-01,1.344401e-04
0.01,1200,1.650995e-01,2.999857e-02,-3.571137e-01,1.748430e-01,1.660982e-01,1.641877e-01,1.344458e-04
0.01,1225,1.651056e-01,2.999969e-02,-3.256846e-01,1.748470e-01,1.661043e-01,1.641940e-01,1.344508e-04
0.01,1250,1.651108e-01,3.000063e-02,-2.941633e-01,1.748490e-01,1.661093e-01,1.641993e-01,1.344550e-04
0.01,1275,1.651160e-01,3.000158e-02,-2.625481e-01,1.748510e-01,1.661144e-01,1.642046e-01,1.344593e-04
0.01,1300,1.651212e-01,3.000252e-02,-2.308367e-01,1.748520e-01,1.661195e-01,1.642099e-01,1.344635e-04
0.01,1325,1.651273e-01,3.000363e-02,-1.990267e-01,1.748520e-01,1.661252e-01,1.642164e-01,1.344685e-04
0.01,1350,1.651339e-01,3.000484e-02,-1.671176e-01,1.748530e-01,1.661316e-01,1.642232e-01,1.344739e-04
0.01,1375,1.651415e-01,3.000621e-02,-1.351083e-01,1.748530e-01,1.661389e-01,1.642310e-01,1.344800e-04
0.01,1400,1.651500e-01,3.000775e-02,-1.029962e-01,1.748540e-01,1.661469e-01,1.642400e-01,1.344870e-04
0.01,1425,1.651608e-01,3.000973e-02,-7.077953e-02,1.748540e-01,1.661573e-01,1.642512e-01,1.344958e-04
0.01,1450,1.651727e-01,3.001187e-02,-3.845573e-02,1.748540e-01,1.661685e-01,1.642636e-01,1.345054e-04
0.01,1475,1.651868e-01,3.001445e-02,-6.020957e-03,1.748540e-01,1.661819e-01,1.642785e-01,1.345170e-04
0.01,1500,1.652034e-01,3.001745e-02,2.652952e-02,1.748540e-01,1.661978e-01,1.642956e-01,1.345304e-04
0.01,1525,1.652218e-01,3.002080e-02,5.920148e-02,1.748540e-01,1.662153e-01,1.643148e-01,1.345454e-04
0.01,1550,1.652426e-01,3.002458e-02,9.200206e-02,1.748550e-01,1.662350e-01,1.643365e-01,1.345624e-04
0.01,1575,1.652671e-01,3.002904e-02,1.249399e-01,1.748550e-01,1.662586e-01,1.643620e-01,1.345824e-04
0.01,1600,1.652946e-01,3.003402e-02,1.580257e-01,1.748550e-01,1.662847e-01,1.643906e-01,1.346047e-04
0.01,1625,1.653258e-01,3.003969e-02,1.912707e-01,1.748550e-01,1.663143e-01,1.644232e-01,1.346301e-04
0.01,1650,1.653603e-01,3.004596e-02,2.246908e-01,1.748550e-01,1.663472e-01,1.644593e-01,1.346582e-04
0.01,1675,1.653995e-01,3.005310e-02,2.583005e-01,1.748550e-01,1.663844e-01,1.645003e-01,1.346902e-04
0.01,1700,1.654431e-01,3.006100e-02,2.921194e-01,1.748550e-01,1.664259e-01,1.645457e-01,1.347256e-04
0.01,1725,1.654923e-01,3.006995e-02,3.261694e-01,1.748550e-01,1.664727e-01,1.645970e-01,1.347657e-04
0.01,1750,1.655462e-01,3.007975e-02,3.604753e-01,1.748550e-01,1.665241e-01,1.646534e-01,1.348096e-04
0.01,1775,1.656054e-01,3.009051e-02,3.950644e-01,1.748550e-01,1.665803e-01,1.647153e-01,1.348578e-04
0.01,1800,1.656708e-01,3.010238e-02,4.299668e-01,1.748550e-01,1.666425e-01,1.647835e-01,1.349111e-04
0.01,1825,1.657433e-01,3.011556e-02,4.652183e-01,1.748550e-01,1.667115e-01,1.648592e-01,1.349701e-04
0.01,1850,1.658216e-01,3.012978e-02,5.008560e-01,1.748550e-01,1.667856e-01,1.649411e-01,1.350338e-04
0.01,1875,1.659074e-01,3.014538e-02,5.369212e-01,1.748550e-01,1.668671e-01,1.650310e-01,1.351038e-04
0.01,1900,1.660000e-01,3.016220e-02,5.734595e-01,1.748550e-01,1.669551e-01,1.651277e-01,1.351792e-04
0.01,1925,1.661012e-01,3.018059e-02,6.105198e-01,1.748560e-01,1.670511e-01,1.652336e-01,1.352616e-04
0.01,1950,1.662101e-01,3.020037e-02,6.481546e-01,1.748560e-01,1.671542e-01,1.653476e-01,1.353502e-04
0.01,1975,1.663262e-01,3.022146e-02,6.864191e-01,1.748570e-01,1.672641e-01,1.654693e-01,1.354448e-04
0.01,2000,1.664519e-01,3.024431e-02,7.253727e-01,1.748570e-01,1.673832e-01,1.656010e-01,1.355471e-04
0.01,2025,1.665853e-01,3.026856e-02,7.650761e-01,1.748580e-01,1.675093e-01,1.657411e-01,1.356558e-04
0.01,2050,1.667275e-01,3.029439e-02,8.055924e-01,1.748600e-01,1.676437e-01,1.658903e-01,1.357716e-04
0.01,2075,1.668780e-01,3.032174e-02,8.469860e-01,1.748610e-01,1.677856e-01,1.660486e-01,1.358942e-04
0.01,2100,1.670373e-01,3.035067e-02,8.893214e-01,1.748640e-01,1.679357e-01,1.662161e-01,1.360238e-04
0.01,2125,1.672054e-01,3.038122e-02,9.326620e-01,1.748670e-01,1.680941e-01,1.663930e-01,1.361607e-04
0.01,2150,1.673814e-01,3.041320e-02,9.770681e-01,1.748710e-01,1.682595e-01,1.665786e-01,1.363041e-04
0.01,2175,1.675653e-01,3.044662e-02,1.022597e+00,1.748760e-01,1.684322e-01,1.667727e-01,1.364539e-04
0.01,2200,1.677564e-01,3.048133e-02,1.069308e+00,1.748820e-01,1.686111e-01,1.669747e-01,1.366094e-04
0.01,2225,1.679545e-01,3.051732e-02,1.117234e+00,1.748910e-01,1.687965e-01,1.671843e-01,1.367707e-04
0.01,2250,1.681597e-01,3.055462e-02,1.166416e+00,1.749010e-01,1.689880e-01,1.674019e-01,1.369379e-04
0.01,2275,1.683702e-01,3.059286e-02,1.216875e+00,1.749150e-01,1.691842e-01,1.676253e-01,1.371093e-04
0.01,2300,1.685859e-01,3.063206e-02,1.268636e+00,1.749330e-01,1.693850e-01,1.678546e-01,1.372849e-04
0.01,2325,1.688065e-01,3.067214e-02,1.321685e+00,1.749550e-01,1.695898e-01,1.680895e-01,1.374646e-04
0.01,2350,1.690315e-01,3.071303e-02,1.376025e+00,1.749830e-01,1.697984e-01,1.683295e-01,1.376478e-04
0.01,2375,1.692600e-01,3.075454e-02,1.431615e+00,1.750190e-01,1.700098e-01,1.685734e-01,1.378339e-04
0.01,2400,1.694928e-01,3.079685e-02,1.488428e+00,1.750640e-01,1.702251e-01,1.688222e-01,1.380235e-04
0.01,2425,1.697306e-01,3.084006e-02,1.546415e+00,1.751210e-01,1.704449e-01,1.690763e-01,1.382171e-04
0.01,2450,1.699743e-01,3.088432e-02,1.605535e+00,1.751930e-01,1.706703e-01,1.693365e-01,1.384155e-04
0.01,2475,1.702257e-01,3.093001e-02,1.665742e+00,1.752830e-01,1.709033e-01,1.696047e-01,1.386203e-04
0.01,2500,1.704887e-01,3.097780e-02,1.727012e+00,1.753970e-01,1.711480e-01,1.698844e-01,1.388345e-04
0.01,2525,1.707686e-01,3.102866e-02,1.789357e+00,1.755420e-01,1.714098e-01,1.701808e-01,1.390624e-04
0.01,2550,1.710727e-01,3.108390e-02,1.852839e+00,1.757240e-01,1.716962e-01,1.705008e-01,1.393100e-04
0.01,2575,1.714105e-01,3.114529e-02,1.917592e+00,1.759560e-01,1.720170e-01,1.708543e-01,1.395851e-04
0.01,2600,1.717973e-01,3.121556e-02,1.983838e+00,1.762500e-01,1.723873e-01,1.712560e-01,1.399001e-04
0.01,2625,1.722503e-01,3.129788e-02,2.051958e+00,1.766250e-01,1.728250e-01,1.717230e-01,1.402690e-04
0.01,2650,1.727941e-01,3.139669e-02,2.122479e+00,1.771020e-01,1.733543e-01,1.722801e-01,1.407118e-04
0.01,2675,1.734600e-01,3.151768e-02,2.196186e+00,1.777120e-01,1.740065e-01,1.729584e-01,1.412541e-04
0.01,2700,1.742907e-01,3.166862e-02,2.274112e+00,1.784920e-01,1.748241e-01,1.738010e-01,1.419305e-04
0.01,2725,1.753391e-01,3.185911e-02,2.357672e+00,1.794920e-01,1.758600e-01,1.748608e-01,1.427843e-04
0.01,2750,1.766735e-01,3.210158e-02,2.448695e+00,1.807730e-01,1.771818e-01,1.762068e-01,1.438710e-04
0.01,2775,1.783841e-01,3.241238e-02,2.549587e+00,1.824180e-01,1.788789e-01,1.779295e-01,1.452639e-04
0.01,2800,1.805855e-01,3.281238e-02,2.663395e+00,1.845300e-01,1.810649e-01,1.801450e-01,1.470566e-04
0.01,2825,1.834263e-01,3.332856e-02,2.794053e+00,1.872440e-01,1.838871e-01,1.830028e-01,1.493699e-04
0.01,2850,1.870982e-01,3.399575e-02,2.946533e+00,1.907320e-01,1.875350e-01,1.866967e-01,1.523601e-04
0.01,2875,1.918529e-01,3.485967e-02,3.127143e+00,1.952160e-01,1.922574e-01,1.914808e-01,1.562320e-04
0.01,2900,1.980163e-01,3.597957e-02,3.343843e+00,2.009830e-01,1.983760e-01,1.976853e-01,1.612511e-04
0.01,2925,2.060227e-01,3.743433e-02,3.606697e+00,2.084040e-01,2.063178e-01,2.057326e-01,1.677710e-04
0.01,2950,2.164470e-01,3.932843e-02,3.928386e+00,2.179610e-01,2.166478e-01,2.162106e-01,1.762598e-04
0.01,2975,2.300430e-01,4.179880e-02,4.321363e+00,2.302840e-01,2.301309e-01,2.299232e-01,1.873314e-04
0.01,3000,2.478927e-01,4.504210e-02,4.806927e+00,2.462070e-01,2.478118e-01,2.479674e-01,2.018670e-04
0.01,3025,2.715193e-01,4.933506e-02,5.411792e+00,2.668450e-01,2.711087e-01,2.718996e-01,2.211069e-04
0.01,3050,3.031240e-01,5.507763e-02,6.168350e+00,2.937140e-01,3.021827e-01,3.039985e-01,2.468436e-04
0.01,3075,3.460256e-01,6.287286e-02,7.118483e+00,3.289150e-01,3.442009e-01,3.477279e-01,2.817798e-04
0.01,3100,4.054274e-01,7.366616e-02,8.310342e+00,3.754420e-01,4.021258e-01,4.084551e-01,3.301526e-04
0.01,3125,4.900483e-01,8.904177e-02,9.802411e+00,4.376960e-01,4.840623e-01,4.957091e-01,3.990621e-04
0.01,3150,6.158907e-01,1.119073e-01,1.168216e+01,5.224210e-01,6.047082e-01,6.265558e-01,5.015397e-04
0.01,3175,8.155832e-01,1.481915e-01,1.407735e+01,6.405000e-01,7.928413e-01,8.374142e-01,6.641557e-04
0.01,3200,1.166682e+00,2.119861e-01,1.709610e+01,8.107130e-01,1.115446e+00,1.217978e+00,9.500669e-04
0.01,3225,1.913094e+00,3.476093e-01,2.093511e+01,1.068510e+00,1.767280e+00,2.069604e+00,1.557895e-03
0.01,3250,4.396760e+00,7.988912e-01,2.583408e+01,1.489770e+00,3.658821e+00,5.385357e+00,3.580423e-03
0.01,3275,6.002720e+01,1.000000e+01,3.064030e+01,2.271130e+00,3.786340e+01,6.002720e+01,4.888208e-02
0.01,3300,1.143060e+02,1.000000e+01,3.025180e+01,4.124530e+00,1.143060e+02,1.143060e+02,9.308306e-02
0.01,3325,3.588090e+02,1.000000e+01,2.984260e+01,1.297250e+01,3.588090e+02,3.588090e+02,2.921897e-01
0.01,3350,1.000000e+03,1.000000e+01,2.986350e+01,2.000000e+02,1.000000e+03,1.000000e+03,8.143322e-01
0.01,3375,1.000000e+03,1.000000e+01,3.015250e+01,2.000000e+02,1.000000e+03,1.000000e+03,8.143322e-01
0.01,3400,1.000000e+03,1.000000e+01,3.046390e+01,2.000000e+02,1.000000e+03,1.000000e+03,8.143322e-01
0.01,3425,1.000000e+03,1.000000e+01,3.079990e+01,2.000000e+02,1.000000e+03,1.000000e+03,8.143322e-01
0.01,3450,1.000000e+03,1.000000e+01,3.116300e+01,2.000000e+02,1.000000e+03,1.000000e+03,8.143322e-01
0.01,3475,1.000000e+03,1.000000e+01,3.155570e+01,2.000000e+02,1.000000e+03,1.000000e+03,8.143322e-01
0.01,3500,1.000000e+03,1.000000e+01,3.198060e+01,2.000000e+02,1.000000e+03,1.000000e+03,8.143322e-01
0.01,3525,1.000000e+03,1.000000e+01,3.244060e+01,2.000000e+02,1.000000e+03,1.000000e+03,8.143322e-01
0.01,3550,1.000000e+03,1.000000e+01,3.293880e+01,2.000000e+02,1.000000e+03,1.000000e+03,8.143322e-01
0.01,3575,1.000000e+03,1.000000e+01,3.347810e+01,2.000000e+02,1.000000e+03,1.000000e+03,8.143322e-01
0.01,3600,1.000000e+03,1.000000e+01,3.406200e+01,2.000000e+02,1.000000e+03,1.000000e+03,8.143322e-01
0.01,3625,1.000000e+03,1.000000e+01,3.469350e+01,2.000000e+02,1.000000e+03,1.000000e+03,8.143322e-01
0.01,3650,1.000000e+03,1.000000e+01,3.537610e+01,2.000000e+02,1.000000e+03,1.000000e+03,8.143322e-01
0.01,3675,1.000000e+03,1.000000e+01,3.611270e+01,2.000000e+02,1.000000e+03,1.000000e+03,8.143322e-01
0.01,3700,1.000000e+03,1.000000e+01,3.690640e+01,2.000000e+02,1.000000e+03,1.000000e+03,8.143322e-01
0.01,3725,1.000000e+03,1.000000e+01,3.775950e+01,2.000000e+02,1.000000e+03,1.000000e+03,8.143322e-01
0.01,3750,1.000000e+03,1.000000e+01,3.867390e+01,2.000000e+02,1.000000e+03,1.000000e+03,8.143322e-01
0.01,3775,1.000000e+03,1.000000e+01,3.965060e+01,2.000000e+02,1.000000e+03,1.000000e+03,8.143322e-01
0.01,3800,1.000000e+03,1.000000e+01,4.068950e+01,2.000000e+02,1.000000e+03,1.000000e+03,8.143322e-01
0.01,3825,1.000000e+03,1.000000e+01,4.178900e+01,2.000000e+02,1.000000e+03,1.000000e+03,8.143322e-01
0.01,3850,1.000000e+03,1.000000e+01,4.294570e+01,2.000000e+02,1.000000e+03,1.000000e+03,8.143322e-01
0.01,3875,1.000000e+03,1.000000e+01,4.415450e+01,2.000000e+02,1.000000e+03,1.000000e+03,8.143322e-01
0.01,3900,1.000000e+03,1.000000e+01,4.540780e+01,2.000000e+02,1.000000e+03,1.000000e+03,8.143322e-01
0.01,3925,1.000000e+03,1.000000e+01,4.669600e+01,2.000000e+02,1.000000e+03,1.000000e+03,8.143322e-01
0.01,3950,1.000000e+03,1.000000e+01,4.800740e+01,2.000000e+02,1.000000e+03,1.000000e+03,8.143322e-01
0.01,3975,1.000000e+03,1.000000e+01,4.932860e+01,2.000000e+02,1.000000e+03,1.000000e+03,8.143322e-01
0.01,4000,1.000000e+03,1.000000e+01,5.064510e+01,2.000000e+02,1.000000e+03,1.000000e+03,8.143322e-01
1,300,7.634119e-02,1.387119e-02,-2.709073e+00,8.742740e-02,7.739990e-02,7.538891e-02,6.216710e-05
1,325,7.635458e-02,1.387363e-02,-2.684045e+00,8.742740e-02,7.741218e-02,7.540327e-02,6.217800e-05
1,350,7.637203e-02,1.387680e-02,-2.658807e+00,8.742740e-02,7.742818e-02,7.542198e-02,6.219221e-05
1,375,7.639368e-02,1.388073e-02,-2.633379e+00,8.742740e-02,7.744803e-02,7.544519e-02,6.220983e-05
1,400,7.641988e-02,1.388549e-02,-2.607735e+00,8.742740e-02,7.747206e-02,7.547330e-02,6.223118e-05
1,425,7.645112e-02,1.389117e-02,-2.581887e+00,8.742750e-02,7.750070e-02,7.550679e-02,6.225661e-05
1,450,7.648845e-02,1.389795e-02,-2.555797e+00,8.742780e-02,7.753495e-02,7.554681e-02,6.228701e-05
1,475,7.653364e-02,1.390616e-02,-2.529446e+00,8.742870e-02,7.757645e-02,7.559523e-02,6.232381e-05
1,500,7.658982e-02,1.391637e-02,-2.502786e+00,8.743130e-02,7.762817e-02,7.565531e-02,6.236956e-05
1,525,7.666162e-02,1.392942e-02,-2.475736e+00,8.743790e-02,7.769452e-02,7.573186e-02,6.242803e-05
1,550,7.675637e-02,1.394663e-02,-2.448180e+00,8.745330e-02,7.778265e-02,7.583239e-02,6.250519e-05
1,575,7.688523e-02,1.397005e-02,-2.419936e+00,8.748640e-02,7.790352e-02,7.596823e-02,6.261012e-05
1,600,7.706518e-02,1.400274e-02,-2.390713e+00,8.755310e-02,7.807403e-02,7.615643e-02,6.275667e-05
1,625,7.732146e-02,1.404931e-02,-2.360092e+00,8.767910e-02,7.831947e-02,7.642215e-02,6.296536e-05
1,650,7.769145e-02,1.411654e-02,-2.327439e+00,8.790490e-02,7.867752e-02,7.680253e-02,6.326665e-05
1,675,7.822889e-02,1.421419e-02,-2.291849e+00,8.829040e-02,7.920251e-02,7.735080e-02,6.370430e-05
1,700,7.900880e-02,1.435590e-02,-2.252056e+00,8.891990e-02,7.997031e-02,7.814119e-02,6.433942e-05
1,725,8.013255e-02,1.456008e-02,-2.206370e+00,8.990710e-02,8.108345e-02,7.927402e-02,6.525452e-05
1,750,8.173133e-02,1.485058e-02,-2.152640e+00,9.139750e-02,8.267451e-02,8.087925e-02,6.655646e-05
1,775,8.396579e-02,1.525658e-02,-2.088281e+00,9.356630e-02,8.490554e-02,8.311625e-02,6.837605e-05
1,800,8.701945e-02,1.581143e-02,-2.010426e+00,9.660980e-02,8.796136e-02,8.616737e-02,7.086275e-05
1,825,9.107986e-02,1.654921e-02,-1.916278e+00,1.007230e-01,9.203029e-02,9.021943e-02,7.416927e-05
1,850,9.630430e-02,1.749849e-02,-1.803745e+00,1.060640e-01,9.726979e-02,9.542957e-02,7.842370e-05
1,875,1.027657e-01,1.867253e-02,-1.672304e+00,1.126920e-01,1.037515e-01,1.018762e-01,8.368541e-05
1,900,1.103831e-01,2.005660e-02,-1.524031e+00,1.205010e-01,1.113915e-01,1.094857e-01,8.988849e-05
1,925,1.188660e-01,2.159795e-02,-1.364298e+00,1.291540e-01,1.198843e-01,1.179450e-01,9.679642e-05
1,950,1.276670e-01,2.319710e-02,-1.201850e+00,1.380810e-01,1.287010e-01,1.267268e-01,1.039634e-04
1,975,1.361078e-01,2.473079e-02,-1.046861e+00,1.465810e-01,1.371545e-01,1.351553e-01,1.108370e-04
1,1000,1.435585e-01,2.608457e-02,-9.081547e-01,1.540180e-01,1.446096e-01,1.426013e-01,1.169043e-04
1,1025,1.496311e-01,2.718797e-02,-7.905840e-01,1.600210e-01,1.506800e-01,1.486754e-01,1.218494e-04
1,1050,1.542540e-01,2.802795e-02,-6.944250e-01,1.645470e-01,1.552968e-01,1.533033e-01,1.256140e-04
1,1075,1.575957e-01,2.863514e-02,-6.167170e-01,1.677850e-01,1.586309e-01,1.566516e-01,1.283353e-04
1,1100,1.599298e-01,2.905924e-02,-5.532603e-01,1.700260e-01,1.609576e-01,1.589922e-01,1.302360e-04
1,1125,1.615298e-01,2.934997e-02,-5.000512e-01,1.715470e-01,1.625513e-01,1.605978e-01,1.315389e-04
1,1150,1.626186e-01,2.954779e-02,-4.538955e-01,1.725730e-01,1.636349e-01,1.616911e-01,1.324255e-04
1,1175,1.633607e-01,2.968265e-02,-4.124756e-01,1.732640e-01,1.643729e-01,1.624370e-01,1.330299e-04
1,1200,1.638685e-01,2.977491e-02,-3.741943e-01,1.737340e-01,1.648775e-01,1.629477e-01,1.334434e-04
1,1225,1.642201e-01,2.983879e-02,-3.379828e-01,1.740550e-01,1.652266e-01,1.633015e-01,1.337297e-04
1,1250,1.644662e-01,2.988351e-02,-3.031311e-01,1.742770e-01,1.654708e-01,1.635494e-01,1.339302e-04
1,1275,1.646407e-01,2.991522e-02,-2.691700e-01,1.744330e-01,1.656437e-01,1.637253e-01,1.340723e-04
1,1300,1.647672e-01,2.993820e-02,-2.357890e-01,1.745430e-01,1.657689e-01,1.638528e-01,1.341752e-04
1,1325,1.648606e-01,2.995517e-02,-2.027784e-01,1.746210e-01,1.658614e-01,1.639471e-01,1.342513e-04
1,1350,1.649309e-01,2.996795e-02,-1.699985e-01,1.746780e-01,1.659309e-01,1.640182e-01,1.343086e-04
1,1375,1.649852e-01,2.997781e-02,-1.373537e-01,1.747200e-01,1.659842e-01,1.640733e-01,1.343528e-04
1,1400,1.650291e-01,2.998579e-02,-1.047780e-01,1.747510e-01,1.660273e-01,1.641179e-01,1.343885e-04
1,1425,1.650659e-01,2.999248e-02,-7.222572e-02,1.747740e-01,1.660635e-01,1.641553e-01,1.344185e-04
1,1450,1.650976e-01,2.999823e-02,-3.966345e-02,1.747910e-01,1.660943e-01,1.641877e-01,1.344443e-04
1,1475,1.651269e-01,3.000355e-02,-7.067784e-03,1.748040e-01,1.661229e-01,1.642176e-01,1.344681e-04
1,1500,1.651552e-01,3.000870e-02,2.557896e-02,1.748150e-01,1.661502e-01,1.642469e-01,1.344912e-04
1,1525,1.651826e-01,3.001368e-02,5.828988e-02,1.748220e-01,1.661766e-01,1.642752e-01,1.345135e-04
1,1550,1.652109e-01,3.001883e-02,9.107555e-02,1.748290e-01,1.662039e-01,1.643044e-01,1.345366e-04
1,1575,1.652412e-01,3.002432e-02,1.239450e-01,1.748330e-01,1.662329e-01,1.643358e-01,1.345612e-04
1,1600,1.652728e-01,3.003007e-02,1.569046e-01,1.748370e-01,1.662631e-01,1.643687e-01,1.345870e-04
1,1625,1.653078e-01,3.003643e-02,1.899622e-01,1.748400e-01,1.662966e-01,1.644051e-01,1.346155e-04
1,1650,1.653461e-01,3.004339e-02,2.231234e-01,1.748430e-01,1.663332e-01,1.644449e-01,1.346467e-04
1,1675,1.653872e-01,3.005086e-02,2.563937e-01,1.748450e-01,1.663724e-01,1.644878e-01,1.346802e-04
1,1700,1.654331e-01,3.005920e-02,2.897792e-01,1.748460e-01,1.664160e-01,1.645357e-01,1.347175e-04
1,1725,1.654838e-01,3.006840e-02,3.232874e-01,1.748480e-01,1.664645e-01,1.645883e-01,1.347588e-04
1,1750,1.655391e-01,3.007846e-02,3.569230e-01,1.748490e-01,1.665171e-01,1.646462e-01,1.348039e-04
1,1775,1.656007e-01,3.008965e-02,3.906940e-01,1.748500e-01,1.665758e-01,1.647103e-01,1.348540e-04
1,1800,1.656680e-01,3.010187e-02,4.246065e-01,1.748500e-01,1.666396e-01,1.647807e-01,1.349088e-04
1,1825,1.657414e-01,3.011522e-02,4.586695e-01,1.748510e-01,1.667096e-01,1.648573e-01,1.349686e-04
1,1850,1.658220e-01,3.012986e-02,4.928888e-01,1.748510e-01,1.667862e-01,1.649415e-01,1.350342e-04
1,1875,1.659098e-01,3.014581e-02,5.272748e-01,1.748520e-01,1.668696e-01,1.650332e-01,1.351057e-04
1,1900,1.660047e-01,3.016306e-02,5.618360e-01,1.748520e-01,1.669598e-01,1.651324e-01,1.351830e-04
1,1925,1.661088e-01,3.018196e-02,5.965827e-01,1.748530e-01,1.670587e-01,1.652411e-01,1.352677e-04
1,1950,1.662205e-01,3.020226e-02,6.315239e-01,1.748530e-01,1.671647e-01,1.653580e-01,1.353587e-04
1,1975,1.663423e-01,3.022439e-02,6.666716e-01,1.748530e-01,1.672803e-01,1.654853e-01,1.354579e-04
1,2000,1.664732e-01,3.024819e-02,7.020359e-01,1.748540e-01,1.674045e-01,1.656224e-01,1.355645e-04
1,2025,1.666138e-01,3.027373e-02,7.376302e-01,1.748540e-01,1.675377e-01,1.657697e-01,1.356790e-04
1,2050,1.667646e-01,3.030113e-02,7.734665e-01,1.748540e-01,1.676806e-01,1.659275e-01,1.358018e-04
1,2075,1.669270e-01,3.033063e-02,8.095571e-01,1.748540e-01,1.678344e-01,1.660977e-01,1.359340e-04
1,2100,1.670996e-01,3.036200e-02,8.459164e-01,1.748550e-01,1.679979e-01,1.662785e-01,1.360746e-04
1,2125,1.672844e-01,3.039558e-02,8.825589e-01,1.748550e-01,1.681727e-01,1.664724e-01,1.362251e-04
1,2150,1.674800e-01,3.043112e-02,9.194980e-01,1.748560e-01,1.683576e-01,1.666777e-01,1.363844e-04
1,2175,1.676889e-01,3.046907e-02,9.567498e-01,1.748560e-01,1.685550e-01,1.668968e-01,1.365545e-04
1,2200,1.679096e-01,3.050917e-02,9.943301e-01,1.748570e-01,1.687635e-01,1.671287e-01,1.367342e-04
1,2225,1.681428e-01,3.055154e-02,1.032250e+00,1.748580e-01,1.689833e-01,1.673739e-01,1.369241e-04
1,2250,1.683894e-01,3.059635e-02,1.070531e+00,1.748590e-01,1.692158e-01,1.676333e-01,1.371249e-04
1,2275,1.686490e-01,3.064352e-02,1.109189e+00,1.748600e-01,1.694604e-01,1.679065e-01,1.373363e-04
1,2300,1.689218e-01,3.069309e-02,1.148241e+00,1.748620e-01,1.697170e-01,1.681941e-01,1.375585e-04
1,2325,1.692083e-01,3.074514e-02,1.187690e+00,1.748640e-01,1.699864e-01,1.684960e-01,1.377917e-04
1,2350,1.695076e-01,3.079953e-02,1.227568e+00,1.748670e-01,1.702675e-01,1.688118e-01,1.380355e-04
1,2375,1.698204e-01,3.085636e-02,1.267893e+00,1.748700e-01,1.705609e-01,1.691422e-01,1.382902e-04
1,2400,1.701471e-01,3.091574e-02,1.308668e+00,1.748740e-01,1.708671e-01,1.694877e-01,1.385563e-04
1,2425,1.704871e-01,3.097751e-02,1.349917e+00,1.748790e-01,1.711853e-01,1.698474e-01,1.388332e-04
1,2450,1.708394e-01,3.104152e-02,1.391657e+00,1.748850e-01,1.715146e-01,1.702206e-01,1.391200e-04
1,2475,1.712056e-01,3.110806e-02,1.433897e+00,1.748920e-01,1.718564e-01,1.706089e-01,1.394183e-04
1,2500,1.715840e-01,3.117681e-02,1.476651e+00,1.749010e-01,1.722091e-01,1.710107e-01,1.397264e-04
1,2525,1.719750e-01,3.124786e-02,1.519944e+00,1.749120e-01,1.725731e-01,1.714263e-01,1.400448e-04
1,2550,1.723789e-01,3.132125e-02,1.563789e+00,1.749250e-01,1.729487e-01,1.718560e-01,1.403737e-04
1,2575,1.727939e-01,3.139666e-02,1.608190e+00,1.749400e-01,1.733339e-01,1.722983e-01,1.407117e-04
1,2600,1.732211e-01,3.147428e-02,1.653168e+00,1.749590e-01,1.737298e-01,1.727540e-01,1.410595e-04
1,2625,1.736591e-01,3.155385e-02,1.698746e+00,1.749820e-01,1.741353e-01,1.732216e-01,1.414162e-04
1,2650,1.741086e-01,3.163554e-02,1.744935e+00,1.750090e-01,1.745506e-01,1.737024e-01,1.417823e-04
1,2675,1.745682e-01,3.171905e-02,1.791745e+00,1.750410e-01,1.749748e-01,1.741945e-01,1.421565e-04
1,2700,1.750386e-01,3.180452e-02,1.839209e+00,1.750800e-01,1.754082e-01,1.746987e-01,1.425396e-04
1,2725,1.755200e-01,3.189198e-02,1.887337e+00,1.751260e-01,1.758512e-01,1.752152e-01,1.429316e-04
1,2750,1.760122e-01,3.198142e-02,1.936172e+00,1.751820e-01,1.763038e-01,1.757438e-01,1.433324e-04
1,2775,1.765157e-01,3.207290e-02,1.985730e+00,1.752470e-01,1.767661e-01,1.762850e-01,1.437424e-04
1,2800,1.770307e-01,3.216648e-02,2.036062e+00,1.753260e-01,1.772389e-01,1.768389e-01,1.441618e-04
1,2825,1.775597e-01,3.226260e-02,2.087211e+00,1.754190e-01,1.777242e-01,1.774080e-01,1.445926e-04
1,2850,1.781029e-01,3.236130e-02,2.139239e+00,1.755300e-01,1.782229e-01,1.779923e-01,1.450349e-04
1,2875,1.786642e-01,3.246328e-02,2.192216e+00,1.756620e-01,1.787383e-01,1.785957e-01,1.454920e-04
1,2900,1.792453e-01,3.256888e-02,2.246241e+00,1.758190e-01,1.792729e-01,1.792199e-01,1.459653e-04
1,2925,1.798503e-01,3.267879e-02,2.301430e+00,1.760070e-01,1.798302e-01,1.798688e-01,1.464579e-04
1,2950,1.804859e-01,3.279429e-02,2.357923e+00,1.762310e-01,1.804174e-01,1.805492e-01,1.469755e-04
1,2975,1.811582e-01,3.291645e-02,2.415898e+00,1.764980e-01,1.810404e-01,1.812672e-01,1.475230e-04
1,3000,1.818749e-01,3.304668e-02,2.475570e+00,1.768170e-01,1.817070e-01,1.820303e-01,1.481066e-04
1,3025,1.826475e-01,3.318705e-02,2.537215e+00,1.771980e-01,1.824291e-01,1.828496e-01,1.487357e-04
1,3050,1.834892e-01,3.333998e-02,2.601161e+00,1.776540e-01,1.832192e-01,1.837391e-01,1.494211e-04
1,3075,1.844160e-01,3.350839e-02,2.667809e+00,1.781990e-01,1.840941e-01,1.847143e-01,1.501759e-04
1,3100,1.854474e-01,3.369580e-02,2.737645e+00,1.788520e-01,1.850725e-01,1.857950e-01,1.510158e-04
1,3125,1.866087e-01,3.390680e-02,2.811276e+00,1.796340e-01,1.861797e-01,1.870066e-01,1.519615e-04
1,3150,1.879294e-01,3.414677e-02,2.889405e+00,1.805710e-01,1.874450e-01,1.883789e-01,1.530370e-04
1,3175,1.894452e-01,3.442219e-02,2.972903e+00,1.816940e-01,1.889035e-01,1.899481e-01,1.542713e-04
1,3200,1.911998e-01,3.474100e-02,3.062813e+00,1.830410e-01,1.905986e-01,1.917583e-01,1.557001e-04
1,3225,1.932454e-01,3.511270e-02,3.160370e+00,1.846570e-01,1.925819e-01,1.938623e-01,1.573660e-04
1,3250,1.956477e-01,3.554919e-02,3.267075e+00,1.865960e-01,1.949174e-01,1.963270e-01,1.593222e-04
1,3275,1.984833e-01,3.606441e-02,3.384702e+00,1.889220e-01,1.976806e-01,1.992303e-01,1.616313e-04
1,3300,2.018455e-01,3.667533e-02,3.515360e+00,1.917140e-01,2.009634e-01,2.026328e-01,1.643693e-04
1,3325,2.058483e-01,3.740264e-02,3.661561e+00,1.950630e-01,2.048772e-01,2.066641e-01,1.676289e-04
1,3350,2.106301e-01,3.827149e-02,3.826274e+00,1.990830e-01,2.095575e-01,2.114781e-01,1.715229e-04
1,3375,2.163604e-01,3.931268e-02,4.013025e+00,2.039090e-01,2.151695e-01,2.172470e-01,1.761892e-04
1,3400,2.232108e-01,4.055739e-02,4.224371e+00,2.097030e-01,2.219154e-01,2.241812e-01,1.817677e-04
1,3425,2.314160e-01,4.204829e-02,4.464137e+00,2.166610e-01,2.300436e-01,2.325409e-01,1.884495e-04
1,3450,2.413360e-01,4.385075e-02,4.739984e+00,2.250230e-01,2.398617e-01,2.426503e-01,1.965277e-04
1,3475,2.533675e-01,4.603687e-02,5.058588e+00,2.350790e-01,2.517091e-01,2.549185e-01,2.063253e-04
1,3500,2.680103e-01,4.869747e-02,5.427835e+00,2.471860e-01,2.660332e-01,2.698624e-01,2.182494e-04
1,3525,2.859083e-01,5.194953e-02,5.857041e+00,2.617830e-01,2.835186e-01,2.881511e-01,2.328243e-04
1,3550,3.078995e-01,5.594534e-02,6.357217e+00,2.794180e-01,3.049657e-01,3.106594e-01,2.507325e-04
1,3575,3.350972e-01,6.088717e-02,6.941463e+00,3.007760e-01,3.314301e-01,3.385565e-01,2.728805e-04
1,3600,3.690101e-01,6.704913e-02,7.625460e+00,3.267310e-01,3.643337e-01,3.732311e-01,3.004968e-04
1,3625,4.115226e-01,7.477366e-02,8.416397e+00,3.584030e-01,4.056351e-01,4.169322e-01,3.351161e-04
1,3650,4.656225e-01,8.460360e-02,9.336543e+00,3.972620e-01,4.579277e-01,4.729616e-01,3.791714e-04
1,3675,5.358632e-01,9.736635e-02,1.042028e+01,4.452610e-01,5.251742e-01,5.457300e-01,4.363707e-04
1,3700,6.284829e-01,1.141953e-01,1.166681e+01,5.050640e-01,6.137559e-01,6.427020e-01,5.117939e-04
1,3725,7.549468e-01,1.371738e-01,1.313678e+01,5.803910e-01,7.327942e-01,7.763995e-01,6.147775e-04
1,3750,9.341840e-01,1.697412e-01,1.485009e+01,6.766060e-01,8.998880e-01,9.680604e-01,7.607361e-04
1,3775,1.203159e+00,2.186141e-01,1.685038e+01,8.017320e-01,1.145375e+00,1.261284e+00,9.797715e-04
1,3800,1.642983e+00,2.985300e-01,1.917313e+01,9.683390e-01,1.535437e+00,1.755258e+00,1.337934e-03
1,3825,2.474324e+00,4.495846e-01,2.187279e+01,1.197290e+00,2.234441e+00,2.742468e+00,2.014922e-03
1,3850,4.574075e+00,8.311095e-01,2.501625e+01,1.525910e+00,3.812231e+00,5.584848e+00,3.724817e-03
1,3875,1.837118e+01,3.338044e+00,2.856969e+01,2.028090e+00,1.030303e+01,5.039120e+01,1.496025e-02
1,3900,7.377230e+01,1.000000e+01,2.970810e+01,2.873260e+00,7.377230e+01,7.377230e+01,6.007516e-02
1,3925,1.199200e+02,1.000000e+01,2.986730e+01,4.551670e+00,1.199200e+02,1.199200e+02,9.765472e-02
1,3950,2.469010e+02,1.000000e+01,2.990780e+01,9.282250e+00,2.469010e+02,2.469010e+02,2.010594e-01
1,3975,1.000000e+03,1.000000e+01,2.985540e+01,7.056540e+01,1.000000e+03,1.000000e+03,8.143322e-01
1,4000,1.000000e+03,1.000000e+01,3.004020e+01,2.000000e+02,1.000000e+03,1.000000e+03,8.143322e-01
